MinTemp,MaxTemp,Rainfall,WindGustSpeed,WindSpeed9am,WindSpeed3pm,Humidity3pm,Pressure9am,Pressure3pm,Temp9am,Temp3pm
9.8,27.4,0.2,54.0,28.0,30.0,27.0,1021.2,1019.3,14.3,25.3
12.6,30.1,0.0,46.0,35.0,19.0,22.0,1022.7,1019.9,16.0,27.6
13.7,30.6,0.0,50.0,22.0,20.0,26.0,1021.0,1017.8,18.9,29.4
16.9,32.4,0.0,48.0,20.0,17.0,23.0,1018.9,1015.9,21.0,32.0
18.9,34.2,0.0,54.0,28.0,20.0,25.0,1016.9,1014.5,22.3,32.6
19.4,35.2,0.4,28.0,17.0,9.0,26.0,1015.3,1012.8,23.7,32.7
21.5,35.2,0.0,33.0,9.0,9.0,29.0,1015.5,1014.2,24.7,32.8
23.1,37.3,0.0,33.0,19.0,11.0,18.0,1017.1,1014.3,25.7,35.4
20.5,36.5,0.0,43.0,11.0,20.0,17.0,1015.1,1012.8,26.1,34.4
21.7,37.7,0.0,30.0,15.0,9.0,20.0,1015.8,1013.9,25.1,34.6
21.4,39.0,0.0,43.0,13.0,13.0,16.0,1015.8,1013.5,26.2,37.5
22.4,38.5,0.0,50.0,9.0,26.0,15.0,1014.1,1010.2,26.5,36.8
18.1,25.4,0.0,54.0,31.0,30.0,30.0,1011.6,1011.6,19.2,24.7
11.9,26.5,0.0,46.0,22.0,22.0,28.0,1017.1,1015.0,16.0,24.7
9.2,26.9,0.0,41.0,9.0,19.0,28.0,1019.1,1016.7,13.5,25.1
13.5,23.8,0.0,63.0,20.0,28.0,80.0,1017.5,1016.8,16.4,17.6
6.7,21.3,0.2,50.0,19.0,26.0,28.0,1026.3,1024.6,10.6,19.2
6.7,23.5,0.0,48.0,13.0,19.0,33.0,1025.2,1022.6,10.8,21.4
9.9,25.9,0.0,30.0,15.0,7.0,26.0,1023.5,1020.6,14.1,24.8
12.1,30.9,0.0,39.0,20.0,19.0,15.0,1018.6,1013.1,16.2,29.8
16.2,25.0,0.0,89.0,31.0,57.0,38.0,1001.0,1003.0,24.6,22.6
12.5,18.3,0.2,43.0,11.0,24.0,47.0,1014.5,1014.6,14.5,17.6
10.3,24.7,0.2,48.0,20.0,26.0,40.0,1017.2,1015.1,12.3,23.2
12.2,24.3,0.0,56.0,24.0,31.0,56.0,1014.5,1014.6,17.2,22.1
9.8,23.0,0.0,26.0,0.0,11.0,43.0,1019.3,1017.4,14.2,22.0
11.0,33.5,0.0,39.0,9.0,24.0,23.0,1015.5,1010.7,17.2,32.3
17.1,31.5,0.0,63.0,15.0,26.0,30.0,1006.8,1007.8,25.3,28.6
12.4,20.2,4.2,70.0,15.0,37.0,47.0,1017.8,1018.8,13.8,18.6
6.8,19.6,0.2,26.0,9.0,13.0,49.0,1023.6,1021.0,9.1,18.4
9.1,20.9,0.0,43.0,11.0,30.0,55.0,1017.1,1014.5,13.8,19.5
10.7,22.1,0.4,41.0,15.0,24.0,49.0,1015.9,1015.9,13.0,19.8
11.4,22.1,0.0,39.0,4.0,24.0,49.0,1020.3,1018.8,13.3,19.5
11.7,23.8,0.0,44.0,13.0,26.0,46.0,1020.1,1018.8,14.9,23.6
5.1,20.5,0.2,44.0,13.0,24.0,35.0,1026.5,1024.7,8.4,19.3
4.6,23.9,0.0,33.0,13.0,17.0,30.0,1028.3,1025.9,8.1,22.1
8.0,28.4,0.0,41.0,31.0,19.0,27.0,1027.4,1024.2,14.1,26.8
14.1,31.1,0.0,31.0,17.0,11.0,23.0,1023.5,1019.6,16.6,29.5
12.0,30.1,0.0,33.0,7.0,17.0,25.0,1022.1,1019.1,20.6,29.3
10.6,27.4,0.0,33.0,17.0,15.0,24.0,1025.2,1022.3,14.9,26.7
9.1,28.0,0.0,28.0,17.0,7.0,27.0,1025.9,1021.9,16.8,26.9
8.9,28.8,0.0,30.0,9.0,9.0,13.0,1023.4,1020.2,18.9,28.2
10.3,28.7,0.0,33.0,11.0,11.0,29.0,1024.0,1021.6,19.3,27.0
13.6,30.4,0.0,28.0,15.0,13.0,21.0,1022.9,1017.4,19.2,29.5
17.2,25.4,0.0,41.0,26.0,24.0,38.0,1013.6,1012.0,22.0,24.3
12.7,23.8,0.0,44.0,11.0,28.0,50.0,1012.8,1010.0,15.5,21.0
8.1,20.6,0.0,44.0,0.0,19.0,35.0,1014.5,1013.1,13.0,19.9
3.5,19.9,0.0,30.0,6.0,20.0,31.0,1019.5,1016.3,9.6,19.2
6.6,20.8,0.0,35.0,6.0,20.0,30.0,1018.7,1016.3,11.5,19.9
6.9,22.0,0.0,48.0,9.0,26.0,35.0,1021.8,1020.5,11.3,20.3
2.2,18.5,0.0,41.0,17.0,22.0,25.0,1027.6,1024.0,9.1,17.8
4.1,20.3,0.0,33.0,24.0,15.0,28.0,1022.8,1017.7,11.3,19.3
5.6,17.4,0.0,61.0,13.0,15.0,81.0,1011.1,1006.5,11.2,10.3
9.9,19.4,9.8,43.0,15.0,28.0,64.0,1009.0,1008.4,12.6,18.0
8.0,17.4,0.4,35.0,13.0,20.0,55.0,1017.4,1017.3,11.7,16.1
9.8,19.8,0.0,37.0,13.0,9.0,71.0,1021.2,1018.9,12.8,17.3
9.6,20.8,1.2,54.0,20.0,33.0,44.0,1022.8,1021.2,12.7,20.5
11.9,22.6,0.0,33.0,17.0,17.0,51.0,1024.7,1022.4,14.4,22.0
12.5,27.8,0.0,59.0,24.0,33.0,20.0,1018.3,1012.3,16.7,27.3
13.9,18.6,0.0,33.0,22.0,19.0,57.0,1016.9,1017.1,15.5,18.0
12.2,19.1,0.0,30.0,0.0,11.0,39.0,1024.9,1024.0,13.6,18.5
7.9,19.9,0.0,24.0,17.0,7.0,36.0,1026.1,1022.7,12.5,19.4
7.7,20.3,0.0,50.0,7.0,37.0,39.0,1024.4,1022.9,11.2,18.8
0.5,18.4,0.0,31.0,11.0,9.0,31.0,1029.0,1025.4,9.7,17.8
5.4,22.4,0.0,41.0,15.0,24.0,21.0,1021.5,1016.1,9.7,21.8
6.9,17.4,0.0,43.0,19.0,20.0,33.0,1027.3,1025.1,10.8,16.6
0.5,16.9,0.0,31.0,7.0,13.0,35.0,1027.9,1024.3,7.9,16.1
7.8,12.2,0.0,33.0,9.0,13.0,69.0,1026.1,1023.0,9.5,11.8
8.4,23.9,1.2,31.0,19.0,17.0,28.0,1023.8,1021.4,10.9,23.5
8.8,26.3,0.0,31.0,20.0,11.0,27.0,1026.7,1023.8,11.9,25.9
9.6,27.9,0.0,37.0,17.0,13.0,24.0,1028.3,1025.5,14.8,27.3
12.0,26.3,0.0,33.0,19.0,17.0,26.0,1028.4,1024.8,13.7,25.4
12.6,26.3,0.0,44.0,13.0,19.0,23.0,1025.0,1020.0,16.5,25.1
12.6,16.9,0.0,37.0,11.0,20.0,82.0,1018.4,1015.3,13.2,16.2
6.6,13.8,8.4,52.0,26.0,30.0,57.0,1015.4,1014.9,9.4,12.2
4.9,14.6,0.8,43.0,15.0,26.0,56.0,1013.6,1010.9,7.8,14.4
7.7,15.8,3.8,65.0,22.0,37.0,69.0,1010.3,1007.8,10.7,14.3
7.1,17.3,1.8,43.0,17.0,31.0,52.0,1013.2,1012.6,9.6,16.1
4.8,14.9,0.0,30.0,7.0,19.0,60.0,1019.3,1017.7,8.4,14.3
4.6,14.7,0.0,26.0,6.0,19.0,59.0,1020.3,1018.2,6.7,14.2
3.5,19.1,0.2,59.0,2.0,20.0,43.0,1020.4,1016.1,8.2,18.4
6.6,15.6,0.4,26.0,13.0,17.0,78.0,1016.8,1015.4,9.9,14.7
6.3,14.8,4.8,35.0,15.0,20.0,66.0,1017.8,1014.2,8.2,14.3
8.1,12.9,1.4,31.0,20.0,19.0,82.0,1011.2,1010.1,8.8,11.9
4.8,16.6,2.0,39.0,15.0,24.0,49.0,1020.9,1020.6,6.7,16.3
2.2,17.0,0.0,31.0,7.0,22.0,62.0,1026.8,1025.2,6.0,16.5
5.8,18.4,0.0,41.0,11.0,17.0,55.0,1028.6,1026.7,10.4,17.9
6.6,14.8,0.4,31.0,7.0,17.0,64.0,1030.7,1028.9,9.4,14.3
8.4,16.0,0.0,22.0,6.0,6.0,54.0,1031.0,1028.5,10.4,14.9
5.7,16.3,0.0,20.0,9.0,11.0,54.0,1028.4,1024.7,7.6,15.9
6.6,18.1,0.0,28.0,9.0,13.0,42.0,1024.4,1021.0,8.2,17.5
8.2,17.3,1.0,30.0,15.0,17.0,76.0,1021.6,1019.5,12.8,17.0
12.7,14.9,0.8,28.0,11.0,15.0,91.0,1021.1,1018.6,13.2,14.6
13.2,15.5,14.4,50.0,7.0,20.0,91.0,1013.3,1010.4,13.8,14.4
8.0,15.5,11.2,46.0,24.0,22.0,70.0,1021.2,1022.4,9.9,14.7
8.6,14.9,0.0,31.0,17.0,17.0,69.0,1027.5,1026.5,10.9,14.1
10.7,13.4,0.0,17.0,7.0,6.0,70.0,1028.1,1025.0,12.1,13.3
9.2,13.6,0.0,33.0,9.0,20.0,69.0,1022.9,1018.5,9.6,13.2
9.6,17.2,0.2,41.0,13.0,28.0,59.0,1016.9,1014.5,11.3,16.3
9.0,14.6,1.8,50.0,17.0,22.0,56.0,1022.4,1024.8,9.9,13.4
1.6,13.5,0.0,26.0,0.0,13.0,58.0,1031.1,1028.4,4.2,13.0
4.2,15.0,0.0,24.0,7.0,13.0,51.0,1026.6,1022.2,7.1,14.0
5.9,19.2,0.0,33.0,13.0,22.0,50.0,1018.8,1015.9,7.7,18.1
7.7,17.1,0.6,35.0,11.0,19.0,76.0,1017.1,1013.4,10.1,16.2
10.1,11.9,65.6,54.0,30.0,28.0,91.0,1010.3,1008.2,10.8,10.9
10.6,14.2,20.0,43.0,30.0,24.0,74.0,1010.7,1011.4,11.8,13.7
9.0,13.3,0.2,54.0,22.0,26.0,73.0,1016.6,1017.1,9.3,12.0
5.5,14.9,0.0,35.0,11.0,24.0,59.0,1022.7,1021.4,7.3,13.9
2.2,14.2,0.2,28.0,13.0,13.0,57.0,1023.1,1019.5,4.3,13.7
1.6,12.4,0.2,22.0,4.0,13.0,65.0,1017.8,1014.9,3.8,11.8
1.8,14.6,0.2,28.0,11.0,19.0,55.0,1019.8,1019.4,4.8,13.8
1.7,13.3,0.0,31.0,19.0,19.0,52.0,1026.9,1025.1,7.1,12.8
3.3,12.8,0.0,24.0,15.0,9.0,67.0,1025.0,1021.2,4.5,12.6
4.3,13.4,0.2,39.0,11.0,7.0,73.0,1017.8,1015.7,6.1,11.4
6.1,13.9,9.0,46.0,22.0,28.0,65.0,1021.3,1021.8,7.3,13.5
4.7,13.4,0.6,37.0,24.0,24.0,66.0,1028.3,1026.6,6.0,13.2
3.3,14.4,0.0,28.0,17.0,7.0,53.0,1028.3,1026.1,6.3,13.6
0.9,14.5,0.0,15.0,0.0,9.0,54.0,1026.0,1023.6,3.0,14.1
1.0,15.3,0.2,17.0,9.0,6.0,54.0,1023.7,1021.6,4.8,14.8
2.4,17.0,0.0,13.0,0.0,6.0,50.0,1022.3,1020.3,5.0,16.1
2.3,16.9,0.0,15.0,6.0,7.0,54.0,1024.7,1023.4,3.8,16.8
3.5,15.1,0.4,35.0,4.0,22.0,58.0,1029.1,1027.9,4.7,14.5
4.7,16.6,0.0,33.0,13.0,20.0,67.0,1029.4,1026.7,9.5,15.9
9.5,16.7,3.0,46.0,15.0,33.0,71.0,1025.9,1023.7,12.3,16.4
8.7,16.5,0.2,48.0,19.0,35.0,53.0,1025.4,1022.9,9.6,15.9
6.1,16.5,0.0,41.0,17.0,31.0,42.0,1022.9,1017.6,7.3,16.0
7.2,16.4,0.2,67.0,26.0,39.0,50.0,1007.6,1002.7,9.5,15.6
4.8,12.3,2.6,72.0,19.0,33.0,68.0,1012.1,1013.1,5.8,11.9
5.7,13.5,1.4,43.0,17.0,22.0,70.0,1019.1,1018.7,7.4,13.0
4.2,13.3,2.2,30.0,11.0,17.0,66.0,1025.6,1025.5,6.2,13.0
1.6,14.0,0.0,26.0,6.0,15.0,56.0,1033.5,1033.3,3.7,13.0
0.7,11.7,0.2,20.0,15.0,11.0,69.0,1035.9,1032.7,4.4,11.3
1.1,12.7,0.2,20.0,15.0,9.0,56.0,1031.6,1029.8,2.0,12.0
2.0,13.4,0.0,28.0,13.0,20.0,74.0,1031.9,1028.6,4.3,12.4
3.9,14.3,0.2,28.0,20.0,17.0,77.0,1028.6,1025.9,5.3,14.0
5.3,13.4,8.0,43.0,17.0,19.0,92.0,1022.7,1018.7,12.0,13.3
12.0,17.7,14.0,35.0,17.0,15.0,72.0,1016.0,1013.6,12.9,17.1
7.8,15.2,1.0,19.0,7.0,6.0,82.0,1020.6,1019.9,10.0,14.0
9.7,15.9,0.2,20.0,6.0,9.0,71.0,1023.5,1020.3,11.3,14.9
10.2,14.7,0.0,48.0,13.0,17.0,86.0,1018.4,1014.2,10.6,13.1
10.5,17.5,6.2,61.0,19.0,31.0,69.0,1008.7,1001.0,11.6,16.9
11.0,14.5,9.0,57.0,30.0,28.0,87.0,1004.1,1004.8,11.9,11.7
3.5,9.0,6.6,50.0,20.0,33.0,73.0,1005.4,1007.0,4.6,8.7
3.4,12.3,2.2,46.0,19.0,28.0,51.0,1011.7,1010.6,4.5,12.1
3.4,10.3,0.8,28.0,9.0,9.0,82.0,1014.7,1017.1,4.9,8.6
4.8,13.3,0.2,35.0,11.0,22.0,66.0,1028.4,1029.0,6.5,12.3
6.3,14.5,0.0,28.0,11.0,7.0,60.0,1034.0,1030.8,9.3,13.4
3.8,13.5,0.0,31.0,7.0,19.0,67.0,1028.8,1025.3,6.0,12.7
6.0,16.6,0.0,20.0,9.0,11.0,64.0,1026.3,1024.4,8.5,15.8
6.2,13.9,0.0,37.0,17.0,13.0,65.0,1024.2,1020.2,7.5,13.1
7.5,16.2,0.2,50.0,7.0,19.0,67.0,1017.0,1011.5,11.0,15.1
5.6,15.4,2.0,39.0,11.0,20.0,78.0,1018.6,1016.9,7.7,13.7
4.7,14.2,1.2,24.0,2.0,13.0,51.0,1024.2,1023.3,6.1,13.4
6.1,12.6,0.0,15.0,0.0,4.0,52.0,1025.8,1023.2,9.4,12.3
5.0,14.9,0.0,35.0,11.0,24.0,46.0,1022.4,1017.9,7.1,14.5
7.0,13.1,0.2,70.0,26.0,43.0,58.0,1011.6,1012.8,8.9,12.4
5.0,13.0,1.4,63.0,22.0,37.0,87.0,1015.1,1009.7,6.4,11.2
5.4,13.9,4.6,46.0,11.0,24.0,71.0,1016.5,1015.1,7.0,13.4
7.0,16.4,1.0,48.0,15.0,15.0,76.0,1014.2,1009.2,10.6,15.6
9.7,15.3,1.6,67.0,19.0,30.0,49.0,1010.8,1010.4,10.5,14.9
7.2,12.2,0.0,63.0,13.0,37.0,75.0,1010.7,1010.3,8.9,11.7
2.6,12.6,4.4,20.0,6.0,9.0,64.0,1020.1,1017.3,5.5,11.2
5.4,14.0,2.2,39.0,19.0,19.0,73.0,1012.1,1010.2,9.2,12.4
7.5,15.4,1.0,31.0,9.0,19.0,57.0,1018.5,1017.4,8.0,15.3
6.6,18.6,0.2,43.0,11.0,26.0,48.0,1015.3,1010.2,10.5,17.7
9.2,14.1,1.0,76.0,33.0,35.0,41.0,1007.4,1008.4,9.7,13.8
6.4,16.6,3.6,48.0,20.0,28.0,56.0,1013.1,1010.3,8.9,16.2
8.1,14.0,0.0,76.0,24.0,33.0,67.0,1006.7,1010.1,9.9,10.8
3.9,15.7,1.2,35.0,11.0,19.0,50.0,1022.5,1019.3,7.1,14.7
4.1,18.4,0.0,63.0,20.0,22.0,38.0,1010.6,1002.1,7.8,15.9
4.8,12.3,4.4,61.0,19.0,30.0,78.0,1008.5,1006.5,7.2,10.8
7.1,14.9,3.0,74.0,35.0,48.0,78.0,1007.0,1006.2,10.4,12.5
4.2,11.3,3.0,72.0,20.0,26.0,63.0,1014.6,1015.2,6.6,9.6
1.6,12.3,1.0,46.0,17.0,26.0,77.0,1020.3,1018.5,5.8,10.3
3.8,13.3,0.2,52.0,19.0,30.0,64.0,1017.2,1012.2,7.0,12.5
7.0,13.3,4.2,52.0,20.0,31.0,71.0,1012.7,1010.7,9.3,13.0
9.1,14.5,1.2,52.0,30.0,33.0,76.0,1014.5,1015.7,11.0,13.8
9.3,15.4,0.6,39.0,15.0,17.0,75.0,1024.8,1023.8,10.2,14.7
9.2,15.6,0.0,35.0,15.0,17.0,61.0,1025.3,1023.2,11.3,15.1
4.9,15.3,0.0,19.0,0.0,6.0,66.0,1025.6,1023.0,7.5,14.7
7.5,20.7,0.2,26.0,13.0,15.0,62.0,1020.1,1015.9,10.2,20.1
8.8,20.0,0.2,24.0,6.0,6.0,56.0,1016.4,1013.4,11.5,18.5
11.1,18.1,0.0,65.0,20.0,22.0,64.0,1007.6,1000.8,15.3,17.4
11.1,18.3,1.0,54.0,22.0,28.0,67.0,1013.2,1012.2,12.8,17.3
7.2,24.1,0.6,31.0,13.0,15.0,33.0,1018.4,1016.9,12.1,23.7
11.9,27.0,0.0,33.0,19.0,20.0,33.0,1021.9,1020.2,15.6,26.8
6.9,23.4,0.0,22.0,9.0,9.0,45.0,1030.0,1028.2,11.9,22.9
11.4,23.9,0.0,37.0,20.0,17.0,58.0,1030.5,1027.1,15.3,22.8
12.3,27.6,0.0,37.0,15.0,11.0,43.0,1023.3,1020.4,15.4,26.1
14.4,14.7,0.0,28.0,15.0,11.0,87.0,1026.0,1025.4,14.5,13.7
10.7,12.4,0.4,17.0,0.0,6.0,82.0,1028.2,1025.8,11.1,11.6
5.6,18.1,2.6,31.0,4.0,19.0,47.0,1027.0,1024.9,10.8,17.3
5.1,17.5,0.0,39.0,19.0,19.0,64.0,1026.9,1022.8,10.0,16.8
10.0,27.8,0.0,76.0,19.0,44.0,41.0,1010.1,1003.3,16.6,21.8
6.4,15.8,0.0,54.0,20.0,33.0,58.0,1011.0,1010.1,11.3,14.7
5.4,16.2,0.0,39.0,17.0,26.0,58.0,1014.1,1013.6,10.7,15.4
3.2,16.1,0.2,44.0,0.0,17.0,54.0,1018.7,1015.6,8.9,15.6
6.0,10.9,5.0,63.0,35.0,17.0,86.0,1013.7,1012.5,7.2,10.6
7.1,17.2,0.6,20.0,7.0,6.0,70.0,1015.3,1013.1,9.6,16.4
8.0,18.4,0.0,43.0,11.0,20.0,73.0,1014.9,1009.1,12.2,17.3
10.7,20.2,3.0,52.0,30.0,24.0,71.0,1003.0,999.0,14.1,17.9
11.0,18.7,7.6,35.0,19.0,26.0,62.0,1005.1,1003.1,13.2,17.3
8.0,15.3,1.4,72.0,19.0,39.0,67.0,1000.0,1001.9,11.1,13.9
4.2,16.8,2.4,63.0,15.0,20.0,51.0,1009.9,1006.2,10.7,15.9
7.8,17.2,5.8,48.0,26.0,28.0,48.0,1012.4,1013.6,11.4,16.6
4.1,19.9,0.2,59.0,9.0,19.0,53.0,1015.8,1013.3,11.7,17.2
6.2,21.6,0.8,31.0,15.0,7.0,51.0,1011.5,1009.5,13.7,20.2
10.2,24.6,0.0,54.0,22.0,11.0,45.0,1003.8,996.7,13.9,22.8
8.7,23.2,0.0,56.0,20.0,31.0,42.0,1004.2,1003.0,15.1,23.0
10.8,19.8,0.0,44.0,22.0,20.0,51.0,1007.5,1006.7,16.8,18.8
8.2,15.8,11.4,72.0,39.0,35.0,49.0,1012.1,1015.5,11.4,14.7
4.4,22.5,0.0,65.0,17.0,35.0,25.0,1016.2,1009.5,11.3,22.4
6.4,17.2,0.6,56.0,31.0,31.0,47.0,1014.4,1015.0,12.7,16.7
5.6,24.7,0.0,44.0,19.0,24.0,29.0,1015.4,1009.8,13.0,23.8
12.6,23.8,0.0,91.0,6.0,9.0,55.0,1004.5,1002.5,16.4,20.0
8.2,14.6,7.6,69.0,30.0,43.0,54.0,1007.6,1010.9,10.3,13.6
7.0,17.0,1.2,85.0,43.0,52.0,53.0,1006.9,1005.7,11.6,16.2
4.5,16.1,4.0,41.0,24.0,22.0,54.0,1022.3,1022.7,11.2,14.6
1.8,21.7,0.0,35.0,11.0,20.0,36.0,1023.3,1017.7,10.9,21.0
10.8,26.4,0.0,54.0,28.0,35.0,23.0,1011.4,1008.0,18.7,24.6
6.0,17.7,0.0,52.0,7.0,35.0,49.0,1011.1,1010.5,10.3,17.2
3.5,20.0,0.2,41.0,9.0,22.0,54.0,1015.6,1014.5,9.7,17.7
5.9,23.0,0.0,28.0,6.0,11.0,49.0,1019.2,1017.2,10.2,20.7
10.0,31.8,0.0,50.0,19.0,26.0,14.0,1013.3,1007.2,16.2,31.1
12.9,14.9,0.0,43.0,28.0,24.0,67.0,1007.0,1010.5,14.5,13.5
4.9,19.6,0.4,44.0,9.0,20.0,44.0,1018.3,1016.5,9.9,18.5
6.2,26.3,0.0,44.0,15.0,26.0,20.0,1012.5,1006.8,13.7,25.3
8.3,17.5,0.0,72.0,17.0,52.0,59.0,1006.4,1008.7,12.2,14.6
4.0,17.2,0.0,48.0,19.0,33.0,35.0,1022.8,1022.1,8.9,16.7
3.1,21.4,0.0,48.0,13.0,30.0,31.0,1023.7,1018.6,8.7,19.5
6.9,29.0,0.0,70.0,31.0,44.0,12.0,1008.9,1002.3,16.5,27.6
7.4,15.9,1.4,74.0,28.0,43.0,58.0,1010.6,1016.4,9.1,13.2
3.1,24.5,2.2,50.0,15.0,30.0,20.0,1024.1,1021.5,9.9,23.0
8.7,29.1,0.0,41.0,15.0,19.0,10.0,1021.9,1016.3,15.9,28.0
14.1,33.7,0.0,56.0,17.0,30.0,13.0,1011.7,1009.5,21.7,33.2
14.7,23.6,0.0,41.0,11.0,15.0,60.0,1014.0,1012.1,17.9,21.2
13.5,19.5,1.4,56.0,20.0,20.0,88.0,1009.1,1004.7,14.6,17.9
10.0,17.5,10.4,56.0,31.0,28.0,63.0,1013.9,1015.7,10.6,13.6
3.6,15.4,0.2,50.0,24.0,22.0,46.0,1022.9,1023.8,8.7,13.1
3.3,16.1,0.0,41.0,11.0,26.0,54.0,1027.0,1025.0,9.6,15.4
6.6,18.9,0.0,43.0,17.0,15.0,46.0,1027.1,1025.1,11.5,17.5
6.6,17.1,0.0,41.0,11.0,19.0,60.0,1024.7,1021.4,9.3,16.1
9.2,23.4,0.4,56.0,37.0,30.0,47.0,1011.9,1010.1,14.8,21.4
9.7,19.8,0.0,52.0,24.0,26.0,45.0,1020.4,1019.6,11.6,19.4
5.9,19.1,0.0,44.0,19.0,24.0,43.0,1023.9,1022.5,11.4,18.6
9.6,21.3,0.0,30.0,17.0,15.0,38.0,1025.6,1023.0,11.7,19.7
6.5,28.2,0.0,35.0,9.0,19.0,23.0,1021.9,1018.4,14.9,26.5
8.7,30.0,0.0,48.0,7.0,24.0,20.0,1016.4,1014.9,15.3,29.3
10.7,19.9,0.0,61.0,33.0,33.0,29.0,1021.8,1023.0,13.6,19.0
4.1,22.0,0.0,50.0,17.0,17.0,29.0,1030.7,1028.2,11.8,20.6
5.3,27.3,0.0,30.0,19.0,15.0,19.0,1026.5,1021.9,12.7,24.8
12.5,33.3,0.0,43.0,15.0,19.0,10.0,1016.9,1012.0,20.5,31.9
17.8,27.4,0.0,44.0,9.0,17.0,38.0,1009.3,1009.6,19.8,25.3
12.3,15.8,0.0,57.0,24.0,37.0,80.0,1009.0,1010.9,13.3,12.5
4.1,19.0,0.2,52.0,26.0,28.0,32.0,1018.7,1018.5,11.0,16.6
3.0,19.3,0.0,50.0,20.0,26.0,32.0,1023.9,1021.3,11.5,18.4
6.8,21.2,0.0,48.0,26.0,15.0,38.0,1022.5,1019.5,13.9,19.0
6.6,21.1,0.8,46.0,19.0,35.0,51.0,1018.4,1015.5,12.1,18.2
6.7,19.2,0.0,46.0,20.0,24.0,47.0,1018.7,1017.1,10.9,17.8
7.0,21.5,0.0,37.0,20.0,20.0,33.0,1020.3,1018.3,12.4,20.9
4.5,22.5,0.0,43.0,17.0,20.0,34.0,1021.1,1018.6,13.4,20.5
6.6,23.4,0.0,50.0,22.0,24.0,28.0,1019.7,1016.7,13.7,22.4
5.3,27.3,0.0,37.0,15.0,6.0,25.0,1018.6,1015.5,14.5,25.5
9.1,31.6,0.0,48.0,20.0,17.0,15.0,1015.3,1010.0,18.4,30.4
11.1,35.3,0.0,59.0,9.0,35.0,15.0,1008.3,1005.3,23.5,32.5
12.2,20.3,0.0,50.0,24.0,37.0,50.0,1009.6,1010.0,15.4,18.3
6.8,20.8,0.0,48.0,28.0,26.0,38.0,1012.2,1010.8,12.8,18.0
8.3,19.7,0.0,43.0,19.0,30.0,42.0,1012.0,1010.1,13.2,17.9
10.9,21.0,0.0,50.0,33.0,31.0,47.0,1011.0,1010.0,14.3,18.6
10.7,22.1,0.0,43.0,26.0,22.0,36.0,1014.2,1012.3,13.4,20.7
4.7,28.2,0.0,39.0,28.0,15.0,23.0,1013.7,1010.3,15.8,25.8
12.1,32.5,0.0,39.0,11.0,11.0,14.0,1014.3,1011.6,20.6,30.2
17.1,36.5,0.0,46.0,15.0,15.0,13.0,1012.5,1009.3,24.8,34.1
15.1,20.6,0.0,50.0,24.0,19.0,80.0,1008.0,1010.4,15.6,15.3
7.1,22.5,2.4,46.0,24.0,26.0,34.0,1016.2,1016.3,13.5,21.3
4.0,27.0,0.0,41.0,30.0,11.0,16.0,1021.4,1018.2,13.6,24.6
12.5,32.8,0.0,57.0,20.0,24.0,12.0,1018.3,1014.8,20.5,30.3
15.0,37.7,0.0,56.0,9.0,35.0,11.0,1015.5,1010.3,25.4,36.9
12.6,33.3,0.0,56.0,7.0,24.0,19.0,1011.4,1007.2,17.5,32.1
14.5,22.9,1.2,59.0,30.0,31.0,26.0,1004.0,1003.0,16.3,21.7
7.5,18.5,0.0,69.0,44.0,44.0,28.0,1007.4,1009.4,11.6,17.1
8.2,22.1,0.2,39.0,20.0,11.0,43.0,1019.7,1018.6,12.7,20.2
10.5,29.5,0.0,33.0,9.0,17.0,24.0,1020.5,1017.2,16.6,27.6
16.5,33.9,0.0,63.0,26.0,44.0,12.0,1010.4,1006.9,25.9,32.6
14.6,21.1,0.8,63.0,17.0,28.0,61.0,1005.2,1005.4,14.7,17.8
10.3,22.7,3.8,56.0,33.0,31.0,34.0,1010.1,1009.9,13.9,19.4
11.7,23.3,0.2,54.0,33.0,37.0,50.0,1012.1,1011.6,14.7,20.7
7.7,24.6,0.0,50.0,24.0,26.0,32.0,1014.3,1012.4,16.0,22.9
13.8,26.8,0.0,54.0,22.0,31.0,32.0,1015.4,1014.1,16.8,24.8
7.0,25.9,0.0,41.0,22.0,19.0,25.0,1021.5,1018.6,14.1,23.0
7.8,29.2,0.0,37.0,11.0,20.0,22.0,1021.4,1017.9,14.8,27.6
8.6,31.3,0.0,35.0,9.0,11.0,15.0,1020.7,1017.8,15.7,29.5
7.9,34.3,0.0,37.0,11.0,9.0,14.0,1020.5,1017.8,15.5,31.5
11.6,38.0,0.0,37.0,24.0,9.0,11.0,1019.0,1015.8,24.4,36.0
19.3,42.6,0.0,43.0,7.0,17.0,9.0,1013.7,1010.4,28.6,40.3
19.4,40.1,0.0,65.0,13.0,30.0,14.0,1010.1,1008.7,30.9,38.9
17.5,28.1,0.0,41.0,24.0,28.0,39.0,1011.6,1011.5,20.0,26.3
20.0,25.5,0.0,50.0,15.0,31.0,59.0,1007.8,1009.0,22.7,22.3
12.8,22.6,0.0,48.0,31.0,30.0,38.0,1013.8,1015.0,15.1,20.6
6.3,27.8,0.0,28.0,11.0,11.0,23.0,1020.4,1017.3,14.6,24.2
12.2,32.5,0.0,65.0,9.0,19.0,12.0,1014.1,1010.5,21.3,30.6
14.5,29.2,0.0,44.0,22.0,24.0,22.0,1011.8,1011.1,19.4,27.5
8.7,32.0,0.0,31.0,17.0,9.0,14.0,1014.3,1010.4,15.6,28.7
15.6,37.5,0.0,69.0,17.0,41.0,20.0,1004.1,1003.7,25.5,31.7
6.3,26.2,0.0,39.0,26.0,19.0,21.0,1018.5,1016.5,14.5,23.5
7.1,28.8,0.0,48.0,7.0,20.0,10.0,1016.7,1014.1,15.6,26.9
8.0,31.7,0.0,28.0,20.0,9.0,12.0,1016.3,1013.8,16.8,27.9
16.4,30.0,0.0,56.0,20.0,19.0,48.0,1006.1,1007.0,26.0,25.8
14.2,17.4,2.6,37.0,13.0,28.0,81.0,1009.9,1007.0,14.8,16.1
14.0,23.7,1.8,65.0,19.0,41.0,36.0,1005.2,1005.5,15.9,22.0
8.5,23.4,0.0,57.0,28.0,35.0,31.0,1009.8,1009.2,15.3,22.3
9.7,23.3,0.0,74.0,31.0,33.0,79.0,1007.9,1008.0,16.0,15.8
8.2,22.2,0.0,50.0,31.0,28.0,29.0,1018.8,1020.0,14.4,20.0
5.6,24.2,0.0,52.0,26.0,28.0,32.0,1025.2,1021.5,13.8,22.8
8.2,29.1,0.0,44.0,20.0,15.0,25.0,1020.0,1016.2,14.4,27.4
14.2,36.5,0.0,50.0,31.0,24.0,23.0,1016.7,1013.3,22.9,34.2
20.4,36.3,0.0,39.0,19.0,11.0,22.0,1017.1,1014.5,23.8,34.7
14.3,33.7,0.0,46.0,22.0,24.0,14.0,1018.4,1016.7,16.6,32.4
11.5,36.0,0.0,39.0,19.0,20.0,17.0,1020.9,1016.9,17.8,33.0
12.6,40.9,0.0,31.0,22.0,11.0,10.0,1015.6,1011.6,26.7,39.0
22.1,45.3,0.0,74.0,13.0,20.0,9.0,1011.5,1009.2,31.8,42.8
22.9,43.5,0.6,50.0,9.0,26.0,13.0,1014.7,1012.3,34.3,42.0
23.6,43.3,0.0,37.0,22.0,19.0,12.0,1015.0,1010.9,31.8,41.5
23.5,43.9,0.0,76.0,13.0,35.0,10.0,1008.8,1005.0,33.7,40.9
21.0,31.4,0.0,50.0,20.0,28.0,38.0,1012.1,1011.5,22.9,30.0
10.7,30.0,0.0,52.0,22.0,24.0,23.0,1014.4,1011.1,16.2,27.3
10.4,30.6,0.0,50.0,22.0,19.0,25.0,1012.3,1009.4,16.6,28.5
8.8,28.2,0.0,50.0,30.0,26.0,26.0,1014.4,1013.2,15.9,26.3
10.1,31.4,0.0,44.0,19.0,13.0,25.0,1020.7,1018.0,17.1,27.9
10.9,35.5,0.0,43.0,17.0,11.0,15.0,1017.6,1013.0,19.7,33.6
19.1,31.3,0.6,56.0,9.0,31.0,23.0,1010.6,1009.3,19.5,30.0
10.6,27.7,0.2,43.0,26.0,19.0,24.0,1020.3,1019.1,15.6,24.6
9.8,32.1,0.0,33.0,20.0,11.0,16.0,1021.5,1018.0,16.4,29.0
16.1,38.7,0.0,31.0,15.0,13.0,11.0,1016.6,1013.4,25.7,37.2
22.6,43.0,0.0,67.0,20.0,30.0,8.0,1010.9,1007.6,30.5,41.2
17.1,32.9,0.0,52.0,33.0,15.0,21.0,1015.8,1014.3,19.0,30.0
14.9,39.7,0.0,41.0,17.0,15.0,19.0,1014.6,1011.7,21.0,36.1
17.2,39.2,0.0,31.0,11.0,11.0,13.0,1012.7,1010.3,22.0,37.1
16.3,42.4,0.0,33.0,13.0,13.0,12.0,1010.6,1008.0,26.1,39.7
23.1,44.5,0.0,41.0,17.0,24.0,9.0,1009.5,1005.6,29.5,43.2
29.4,30.7,0.0,63.0,17.0,43.0,46.0,1007.4,1011.8,30.7,25.2
8.7,29.4,0.0,59.0,20.0,28.0,19.0,1020.6,1017.7,15.2,27.5
9.9,34.7,0.0,46.0,35.0,22.0,26.0,1017.2,1013.8,18.0,32.8
18.0,38.3,0.0,46.0,26.0,9.0,21.0,1012.3,1009.3,25.8,35.4
14.2,37.3,0.0,35.0,19.0,17.0,12.0,1011.1,1010.2,17.5,35.3
17.5,43.2,0.0,56.0,19.0,28.0,10.0,1010.7,1007.1,25.7,42.1
25.1,28.9,0.0,61.0,44.0,35.0,15.0,1010.6,1014.8,25.1,27.9
9.2,32.6,0.0,31.0,13.0,15.0,13.0,1020.2,1016.5,14.7,28.6
12.7,38.5,0.0,33.0,22.0,7.0,8.0,1015.1,1012.0,19.0,36.0
18.9,39.3,0.0,43.0,15.0,6.0,7.0,1012.5,1011.1,24.5,38.6
24.5,31.7,0.0,46.0,9.0,22.0,53.0,1010.3,1009.9,28.3,25.1
19.3,23.2,1.2,35.0,0.0,15.0,78.0,1006.7,1003.3,20.7,21.9
19.4,30.5,2.4,56.0,15.0,22.0,50.0,997.1,996.5,20.3,27.9
13.8,27.9,0.0,50.0,24.0,26.0,31.0,1009.7,1009.9,17.3,25.3
9.3,29.4,0.0,43.0,26.0,11.0,28.0,1013.9,1010.7,15.2,26.8
11.1,28.3,0.0,46.0,6.0,26.0,26.0,1009.5,1005.9,16.1,26.5
12.5,21.3,0.0,65.0,30.0,22.0,82.0,1002.5,1002.6,15.5,13.1
8.0,22.4,5.2,61.0,24.0,30.0,33.0,1013.8,1014.8,11.9,19.9
8.3,20.6,0.0,41.0,17.0,24.0,43.0,1022.9,1022.9,13.5,18.6
8.8,26.7,0.0,46.0,26.0,26.0,33.0,1025.0,1022.5,14.4,24.4
8.8,31.1,0.0,35.0,11.0,11.0,22.0,1021.8,1018.2,13.3,28.7
10.6,34.5,0.0,35.0,9.0,13.0,15.0,1018.2,1014.6,17.1,32.9
12.9,29.1,0.0,48.0,11.0,28.0,30.0,1010.9,1008.7,17.8,27.0
11.2,25.1,0.0,50.0,15.0,26.0,28.0,1013.8,1013.5,15.8,24.1
7.4,26.2,0.0,48.0,13.0,26.0,28.0,1021.8,1020.2,13.2,24.0
6.3,28.3,0.0,48.0,15.0,22.0,22.0,1022.3,1019.7,11.5,25.6
10.5,30.0,0.0,46.0,19.0,15.0,34.0,1021.4,1019.0,16.5,28.2
9.9,30.1,0.0,31.0,15.0,17.0,21.0,1022.5,1020.3,13.8,27.4
9.4,32.0,0.0,31.0,15.0,11.0,18.0,1023.7,1020.8,15.6,30.1
15.6,35.5,0.0,35.0,15.0,15.0,20.0,1020.3,1016.4,22.5,34.0
15.1,27.3,0.0,50.0,30.0,22.0,37.0,1017.0,1016.8,18.2,25.7
6.5,22.405152671755722,0.0,42.542437779195915,15.0,9.0,25.0,1020.9,1018.8,10.5,22.5
8.999809281627464,22.405152671755722,0.9348629700446144,42.542437779195915,16.457088366179274,20.94850603941513,44.91926255562619,1018.537062937063,1016.3958677685952,13.382708200890018,20.871837253655432
8.999809281627464,22.405152671755722,0.9348629700446144,42.542437779195915,16.457088366179274,20.94850603941513,44.91926255562619,1018.537062937063,1016.3958677685952,13.382708200890018,20.871837253655432
8.999809281627464,22.405152671755722,0.9348629700446144,42.542437779195915,16.457088366179274,20.94850603941513,44.91926255562619,1018.537062937063,1016.3958677685952,13.382708200890018,20.871837253655432
8.999809281627464,22.405152671755722,0.9348629700446144,42.542437779195915,16.457088366179274,20.94850603941513,44.91926255562619,1018.537062937063,1016.3958677685952,13.382708200890018,20.871837253655432
8.999809281627464,22.405152671755722,0.9348629700446144,42.542437779195915,16.457088366179274,20.94850603941513,44.91926255562619,1018.537062937063,1016.3958677685952,13.382708200890018,20.871837253655432
12.5,24.8,0.9348629700446144,39.0,17.0,17.0,30.0,1021.9,1020.1,13.8,23.3
9.3,24.3,0.2,26.0,13.0,13.0,30.0,1020.8,1017.8,13.4,23.5
9.1,29.4,0.0,43.0,17.0,20.0,22.0,1015.1,1010.8,15.7,27.5
14.8,26.0,0.0,67.0,11.0,39.0,49.0,1004.7,1001.7,19.0,22.6
10.4,21.1,0.6,52.0,15.0,28.0,54.0,1008.4,1008.0,12.1,17.4
11.8,24.6,2.2,56.0,26.0,35.0,44.0,1013.1,1013.8,16.3,23.0
12.2,25.9,0.4,50.0,9.0,30.0,39.0,1020.4,1020.4,14.8,23.8
7.1,26.0,0.0,28.0,9.0,9.0,27.0,1027.5,1025.0,10.7,23.9
7.9,31.5,0.0,33.0,19.0,15.0,18.0,1023.1,1019.0,14.6,29.6
13.9,21.4,0.0,65.0,15.0,44.0,46.0,1015.5,1018.4,16.8,20.0
4.6,21.3,0.0,39.0,11.0,19.0,32.0,1022.7,1020.0,8.3,19.8
8.3,19.9,0.0,43.0,9.0,24.0,36.0,1020.8,1020.4,10.3,17.7
6.9,23.4,0.0,46.0,20.0,20.0,38.0,1021.3,1019.7,12.4,20.3
9.4,22.2,0.0,37.0,15.0,22.0,59.0,1022.6,1021.1,11.0,19.3
11.0,30.3,1.0,61.0,17.0,26.0,37.0,1022.5,1019.2,18.5,28.1
15.9,24.9,0.0,41.0,11.0,19.0,52.0,1017.1,1014.7,17.9,24.0
10.4,27.5,0.2,35.0,2.0,22.0,41.0,1017.1,1015.2,13.1,26.5
11.9,27.9,0.2,39.0,0.0,11.0,40.0,1017.4,1015.6,14.4,27.3
12.6,30.4,0.0,26.0,17.0,11.0,31.0,1018.8,1017.4,17.1,28.9
13.6,33.0,0.0,50.0,11.0,22.0,24.0,1018.7,1015.7,17.2,31.4
17.2,36.6,0.0,54.0,9.0,28.0,15.0,1015.1,1010.9,22.2,35.0
18.0,24.7,1.2,43.0,19.0,20.0,49.0,1013.2,1013.1,18.5,23.5
10.4,21.5,0.0,44.0,17.0,20.0,40.0,1021.0,1019.8,12.5,20.5
8.4,22.5,0.0,37.0,13.0,15.0,33.0,1022.1,1019.0,10.4,20.3
5.2,23.5,0.0,35.0,20.0,19.0,40.0,1022.6,1020.5,10.1,21.8
10.0,25.9,0.0,24.0,9.0,11.0,24.0,1023.5,1019.9,13.4,24.9
11.8,26.6,0.0,39.0,20.0,17.0,37.0,1021.0,1017.0,18.9,25.4
17.0,18.7,0.4,24.0,15.0,13.0,88.0,1017.7,1016.5,17.2,18.2
16.7,18.7,11.2,19.0,13.0,11.0,90.0,1017.4,1014.7,17.1,18.6
16.7,20.4,12.0,37.0,19.0,15.0,81.0,1011.7,1008.9,16.9,19.8
15.2,19.9,0.0,46.0,26.0,30.0,59.0,1015.1,1015.1,15.7,18.9
8.6,23.3,0.0,33.0,20.0,19.0,49.0,1019.3,1017.2,14.6,21.6
9.5,21.8,0.0,26.0,11.0,13.0,61.0,1020.7,1019.1,11.8,19.9
6.8,22.1,0.2,39.0,22.0,24.0,36.0,1023.4,1020.7,12.8,21.4
7.7,22.0,0.0,28.0,13.0,17.0,38.0,1024.1,1020.8,11.3,21.4
9.9,23.4,0.0,28.0,9.0,13.0,35.0,1021.3,1018.1,14.1,22.0
7.4,23.2,0.0,41.0,0.0,20.0,42.0,1021.4,1018.8,12.8,21.7
11.3,20.3,0.0,46.0,31.0,35.0,31.0,1018.3,1018.7,15.9,19.2
5.6,18.0,0.0,28.0,2.0,9.0,38.0,1022.7,1019.0,11.6,17.1
11.2,21.5,0.0,37.0,11.0,19.0,33.0,1019.0,1016.3,13.1,20.5
10.4,25.2,0.0,46.0,13.0,22.0,31.0,1017.1,1012.7,15.4,24.5
14.5,20.8,1.4,43.0,15.0,20.0,47.0,1015.0,1014.8,15.9,19.9
4.1,19.4,0.0,31.0,0.0,17.0,36.0,1018.2,1014.5,10.3,18.6
8.5,18.9,0.0,44.0,28.0,13.0,34.0,1017.2,1017.4,14.3,18.3
5.5,20.6,0.0,37.0,19.0,19.0,37.0,1019.6,1013.4,9.9,19.7
9.9,20.2,0.0,46.0,17.0,26.0,51.0,1014.2,1015.5,15.1,17.6
2.3,18.3,0.0,33.0,7.0,13.0,34.0,1025.6,1021.4,8.3,17.6
7.5,25.3,0.0,41.0,13.0,20.0,32.0,1019.0,1013.8,11.2,24.1
11.2,16.2,13.8,52.0,17.0,33.0,76.0,1011.3,1009.3,15.0,13.9
5.9,16.9,10.0,31.0,13.0,19.0,51.0,1019.8,1019.3,9.4,15.4
7.3,16.2,0.0,31.0,7.0,24.0,49.0,1019.1,1013.9,9.2,15.3
9.2,13.8,1.0,56.0,17.0,31.0,58.0,1004.2,1001.3,10.7,12.7
6.8,12.9,9.4,61.0,43.0,41.0,81.0,1002.9,1004.8,9.1,11.8
4.6,15.8,0.2,41.0,19.0,28.0,52.0,1014.8,1014.8,8.5,13.9
8.5,17.2,0.2,26.0,11.0,19.0,69.0,1019.6,1019.4,10.4,16.2
5.1,14.6,1.0,33.0,11.0,19.0,57.0,1027.2,1026.1,8.2,13.1
3.3,14.0,0.2,37.0,15.0,13.0,54.0,1028.6,1026.5,6.3,13.1
4.6,17.3,0.0,30.0,17.0,13.0,47.0,1026.0,1022.3,7.5,16.9
7.5,19.1,0.0,37.0,13.0,22.0,43.0,1018.5,1014.8,11.1,18.9
11.0,18.5,3.8,31.0,19.0,19.0,60.0,1018.6,1018.1,12.7,17.3
8.9,18.8,0.0,26.0,0.0,11.0,62.0,1025.5,1025.4,10.2,18.2
6.2,19.4,0.2,22.0,7.0,7.0,60.0,1030.6,1027.8,9.4,18.5
7.9,19.9,0.2,26.0,9.0,9.0,42.0,1028.2,1025.1,11.0,19.4
7.1,22.8,0.0,39.0,11.0,20.0,30.0,1024.8,1020.8,11.5,22.5
11.3,24.8,0.0,44.0,11.0,26.0,32.0,1021.6,1018.8,13.3,23.8
11.9,25.5,0.0,56.0,15.0,28.0,24.0,1024.2,1022.7,16.2,25.1
11.5,23.6,0.0,30.0,13.0,17.0,40.0,1024.4,1022.0,14.2,22.2
14.2,23.2,0.0,37.0,15.0,22.0,41.0,1023.0,1020.3,16.5,22.6
11.5,22.4,0.0,35.0,13.0,22.0,55.0,1020.4,1018.5,15.0,21.3
9.5,22.0,0.0,39.0,13.0,24.0,54.0,1022.2,1020.0,12.5,21.5
5.8,24.4,0.0,35.0,0.0,20.0,40.0,1023.3,1019.5,11.8,24.2
11.8,24.2,0.0,54.0,17.0,19.0,47.0,1018.3,1014.6,16.0,21.4
13.0,19.4,14.2,31.0,11.0,13.0,73.0,1015.9,1013.7,15.0,18.5
8.9,19.8,0.0,20.0,2.0,11.0,67.0,1017.2,1014.2,10.4,18.7
10.4,19.1,0.4,24.0,9.0,13.0,67.0,1016.4,1016.3,14.2,18.8
12.5,21.3,0.0,41.0,11.0,13.0,61.0,1017.0,1011.8,14.0,20.4
13.7,17.6,10.0,56.0,19.0,24.0,84.0,1006.2,1002.2,14.4,12.4
10.9,17.1,1.8,37.0,19.0,19.0,73.0,1013.3,1015.0,11.7,15.8
10.4,18.3,1.2,24.0,9.0,13.0,66.0,1023.8,1022.7,12.7,17.6
9.8,16.2,0.0,30.0,19.0,20.0,58.0,1026.2,1023.2,10.1,16.1
9.0,13.2,0.0,28.0,20.0,4.0,74.0,1021.4,1018.3,9.5,13.1
9.3,11.0,6.8,26.0,13.0,7.0,91.0,1016.6,1016.5,9.8,10.6
5.3,11.9,0.2,17.0,0.0,4.0,79.0,1020.7,1019.2,6.6,11.8
6.6,17.0,0.2,26.0,15.0,19.0,64.0,1020.6,1019.5,11.8,16.8
6.4,17.8,0.2,33.0,9.0,19.0,72.0,1025.0,1024.0,9.1,16.6
6.3,15.4,0.2,26.0,0.0,11.0,58.0,1030.2,1029.2,7.2,15.3
2.6,16.3,0.0,31.0,7.0,20.0,61.0,1033.1,1031.0,5.9,14.6
5.8,17.3,0.0,41.0,17.0,22.0,63.0,1033.2,1031.0,11.6,17.1
5.2,13.4,0.0,28.0,13.0,13.0,58.0,1033.9,1032.8,8.6,13.0
1.0,13.9,0.0,22.0,9.0,9.0,51.0,1034.0,1030.6,4.6,13.5
4.2,18.2,0.2,24.0,13.0,13.0,48.0,1030.9,1025.6,7.4,17.9
7.3,15.0,0.0,28.0,11.0,11.0,65.0,1023.3,1019.8,8.1,14.6
8.1,14.1,0.0,26.0,17.0,17.0,79.0,1014.7,1011.2,9.2,13.5
7.8,12.4,1.2,22.0,0.0,2.0,81.0,1011.7,1010.0,8.0,12.0
3.3,15.3,0.8,48.0,17.0,24.0,70.0,1016.8,1017.4,9.5,14.5
6.8,14.3,0.0,37.0,13.0,20.0,70.0,1022.7,1021.3,7.9,14.0
7.7,15.8,0.6,35.0,22.0,24.0,73.0,1022.0,1022.0,10.7,15.2
4.7,12.8,2.2,26.0,7.0,15.0,71.0,1031.1,1031.1,8.7,12.3
8.6,13.6,0.0,24.0,6.0,11.0,60.0,1032.7,1029.0,10.3,12.5
5.7,11.4,0.0,33.0,13.0,11.0,80.0,1024.0,1018.1,6.8,10.5
6.2,16.4,0.0,46.0,17.0,24.0,72.0,1013.1,1010.9,7.5,16.1
7.5,16.2,1.0,30.0,13.0,20.0,76.0,1017.4,1017.3,9.9,14.7
7.2,14.0,0.6,39.0,2.0,19.0,79.0,1021.4,1016.7,8.0,13.3
7.9,11.3,0.0,70.0,35.0,39.0,84.0,1002.0,1002.6,10.3,7.4
5.6,14.7,9.2,74.0,43.0,43.0,73.0,1003.8,1008.1,11.0,12.7
8.2,14.4,0.2,57.0,22.0,37.0,86.0,1016.6,1015.8,9.7,12.6
9.7,15.3,3.2,57.0,9.0,17.0,72.0,1019.8,1018.6,10.3,14.9
8.0,16.0,0.0,50.0,17.0,28.0,51.0,1009.2,1001.5,8.7,15.6
7.4,11.0,3.8,61.0,33.0,43.0,75.0,996.4,997.9,8.1,9.9
6.2,12.5,5.8,56.0,20.0,31.0,70.0,1008.2,1010.8,7.2,11.2
3.6,12.8,0.2,44.0,13.0,26.0,83.0,1021.4,1021.3,4.6,12.3
4.6,12.7,1.4,20.0,7.0,9.0,68.0,1030.0,1029.8,8.3,12.7
5.5,14.9,0.0,19.0,7.0,9.0,61.0,1030.9,1028.0,7.0,14.6
4.9,14.1,0.0,39.0,13.0,22.0,56.0,1025.1,1020.4,6.0,13.9
5.0,15.2,0.0,54.0,19.0,28.0,59.0,1015.6,1013.0,6.0,13.6
6.0,13.4,0.6,57.0,28.0,35.0,66.0,1017.7,1017.4,8.7,12.7
4.9,13.5,0.2,26.0,9.0,13.0,72.0,1017.7,1016.7,7.6,12.8
1.5,14.4,0.2,33.0,7.0,20.0,64.0,1016.6,1011.8,4.0,14.2
4.0,15.3,0.0,59.0,15.0,15.0,54.0,1007.4,1000.9,9.0,13.3
6.7,9.4,1.4,44.0,19.0,24.0,87.0,997.3,998.9,7.1,8.2
2.8,12.9,2.6,56.0,22.0,31.0,63.0,1011.7,1013.7,6.6,11.5
5.7,14.3,0.0,48.0,22.0,30.0,68.0,1017.7,1015.6,6.4,13.5
4.0,11.8,3.6,37.0,13.0,24.0,57.0,1024.8,1026.1,5.1,10.7
-0.3,12.4,0.0,28.0,6.0,15.0,52.0,1033.2,1032.5,2.5,11.7
0.4,9.9,0.0,28.0,13.0,13.0,79.0,1031.0,1026.4,4.6,9.9
4.5,10.6,1.8,35.0,11.0,15.0,75.0,1016.2,1010.7,6.1,9.8
6.1,14.7,1.4,65.0,15.0,35.0,58.0,1012.1,1009.7,6.8,14.3
4.5,10.8,1.2,67.0,28.0,24.0,76.0,1012.7,1012.4,6.2,8.1
2.3,12.1,3.4,43.0,17.0,24.0,59.0,1026.4,1027.3,5.4,11.3
4.0,11.2,0.0,30.0,7.0,13.0,69.0,1031.7,1030.2,6.0,10.6
0.8,12.6,0.0,17.0,0.0,9.0,65.0,1029.3,1026.2,2.5,11.9
2.1,11.4,0.2,24.0,17.0,7.0,73.0,1025.7,1023.4,4.8,11.0
-1.0,11.3,0.2,19.0,11.0,9.0,77.0,1026.6,1023.7,0.9,10.4
0.4,12.5,0.0,33.0,11.0,15.0,61.0,1022.6,1017.9,1.8,11.5
1.8,13.5,5.8,43.0,24.0,13.0,75.0,1010.9,1008.1,8.5,13.2
8.5,15.3,2.0,37.0,20.0,24.0,71.0,1015.7,1016.8,9.9,14.7
5.7,15.4,0.6,26.0,11.0,17.0,65.0,1025.7,1025.1,7.5,14.5
2.1,16.1,0.0,44.0,11.0,22.0,58.0,1025.1,1020.7,7.9,15.4
4.2,16.8,0.0,41.0,15.0,26.0,57.0,1017.0,1014.4,7.1,16.2
7.1,15.7,0.0,65.0,35.0,31.0,86.0,1012.8,1012.1,11.6,14.0
11.6,16.6,1.2,57.0,24.0,28.0,68.0,1015.5,1013.1,12.1,15.8
8.7,16.1,0.0,80.0,30.0,39.0,87.0,1003.1,1001.2,10.7,9.1
2.9,9.4,16.8,70.0,22.0,28.0,70.0,1008.9,1016.4,5.3,9.1
-0.5,12.5,2.6,17.0,6.0,2.0,45.0,1031.4,1031.0,2.7,12.3
-0.6,12.9,0.0,20.0,4.0,9.0,49.0,1034.1,1031.9,3.4,12.4
-1.1,12.9,0.0,26.0,6.0,6.0,48.0,1034.6,1032.2,3.5,12.3
1.8,15.2,0.0,28.0,7.0,19.0,63.0,1035.3,1033.3,5.7,13.9
5.7,13.2,0.0,41.0,9.0,30.0,58.0,1033.5,1031.1,10.0,12.7
8.3,14.9,0.0,20.0,6.0,13.0,57.0,1032.9,1030.2,9.1,13.7
4.0,16.5,0.0,26.0,9.0,15.0,45.0,1031.6,1028.2,7.9,16.0
5.4,16.5,0.0,35.0,7.0,13.0,54.0,1027.3,1024.0,7.4,16.3
6.6,12.6,2.0,50.0,19.0,33.0,52.0,1027.7,1027.4,8.4,11.5
-0.4,11.9,0.0,33.0,7.0,13.0,46.0,1032.9,1030.8,2.4,11.2
0.4,12.5,0.0,35.0,11.0,19.0,59.0,1034.7,1032.9,5.8,11.2
-0.8,14.3,0.0,35.0,9.0,17.0,55.0,1037.4,1034.9,4.8,13.8
1.1,14.2,0.2,28.0,6.0,7.0,60.0,1035.9,1032.7,6.4,13.7
0.5,15.6,0.2,30.0,19.0,9.0,49.0,1029.6,1025.0,6.0,15.1
5.4,15.2,0.0,35.0,13.0,22.0,49.0,1022.1,1018.4,7.6,14.7
-0.7,15.6,0.0,50.0,9.0,35.0,52.0,1018.8,1017.2,4.8,13.5
1.8,14.1,0.0,43.0,24.0,28.0,53.0,1022.7,1020.6,8.7,13.0
7.1,14.4,0.0,35.0,15.0,24.0,59.0,1024.8,1023.6,9.6,13.5
0.5,12.4,0.0,26.0,0.0,17.0,57.0,1027.9,1026.4,6.0,11.8
-0.9,15.5,0.0,17.0,0.0,7.0,48.0,1029.0,1026.0,5.4,14.6
5.0,18.8,0.0,31.0,17.0,15.0,41.0,1029.6,1025.6,9.3,18.2
6.6,20.3,0.0,57.0,13.0,24.0,39.0,1025.3,1021.8,9.7,18.6
4.5,15.7,0.0,44.0,7.0,28.0,49.0,1029.0,1027.6,8.5,15.4
3.0,17.2,0.0,39.0,20.0,24.0,55.0,1030.4,1027.1,10.0,16.3
1.4,19.2,0.2,19.0,9.0,6.0,45.0,1028.4,1025.0,6.7,18.3
1.3,20.8,0.0,24.0,6.0,9.0,43.0,1028.7,1026.5,7.9,19.9
2.7,21.6,0.0,22.0,0.0,15.0,40.0,1029.8,1027.1,10.7,21.0
3.4,23.1,0.0,24.0,0.0,13.0,31.0,1029.5,1026.0,9.1,22.5
4.5,22.6,0.0,26.0,19.0,6.0,33.0,1025.2,1021.0,9.9,21.6
4.7,23.7,0.0,48.0,9.0,24.0,22.0,1017.4,1012.5,12.4,22.4
10.5,14.9,3.0,46.0,17.0,20.0,75.0,1010.9,1010.2,11.2,13.6
2.4,15.2,2.4,48.0,19.0,30.0,40.0,1021.8,1021.8,8.6,14.1
-0.5,13.7,0.2,20.0,0.0,11.0,45.0,1025.0,1021.5,4.8,12.7
4.8,15.6,0.0,26.0,15.0,19.0,44.0,1020.1,1018.6,7.8,15.1
1.8,17.9,0.0,30.0,19.0,7.0,34.0,1025.4,1024.0,9.9,17.1
3.5,19.4,0.0,26.0,15.0,7.0,32.0,1030.0,1026.7,10.4,18.9
6.1,21.9,0.0,39.0,24.0,17.0,31.0,1027.1,1022.3,11.8,21.1
8.6,22.4,0.0,59.0,19.0,22.0,36.0,1018.1,1010.4,13.5,20.5
12.2,18.8,1.8,56.0,15.0,24.0,45.0,1006.0,1003.0,14.1,18.1
6.7,17.1,0.2,57.0,19.0,39.0,57.0,1013.8,1013.5,11.0,16.3
10.1,16.9,0.4,54.0,26.0,28.0,40.0,1019.0,1020.3,12.3,16.1
0.0,17.1,0.0,26.0,2.0,11.0,42.0,1028.3,1026.0,8.0,15.7
1.0,20.6,0.0,30.0,9.0,17.0,33.0,1026.3,1021.7,11.0,19.4
3.3,20.7,0.0,37.0,6.0,15.0,40.0,1020.1,1016.9,8.2,19.6
8.1,19.7,0.0,41.0,20.0,22.0,45.0,1009.7,1007.2,13.8,19.3
8.2,18.5,0.2,48.0,31.0,31.0,45.0,1014.8,1013.2,12.1,15.8
4.3,16.4,0.0,52.0,22.0,33.0,33.0,1018.1,1018.7,10.6,15.2
3.2,16.0,0.2,30.0,17.0,20.0,43.0,1025.5,1023.7,10.4,14.1
-0.1,17.4,0.0,22.0,6.0,11.0,33.0,1027.1,1024.0,10.1,16.3
0.3,19.5,0.0,28.0,20.0,13.0,28.0,1028.8,1026.2,11.3,19.0
1.7,21.1,0.0,28.0,19.0,11.0,26.0,1032.2,1028.4,11.3,20.1
3.9,25.0,0.0,26.0,13.0,13.0,19.0,1028.9,1024.2,13.5,24.6
8.3,26.9,0.0,35.0,9.0,19.0,21.0,1024.9,1019.2,16.9,25.9
11.6,19.7,0.4,31.0,17.0,19.0,72.0,1015.4,1013.2,15.2,17.4
11.6,17.2,5.2,39.0,24.0,26.0,59.0,1019.8,1019.6,13.5,15.2
6.4,19.1,0.4,41.0,19.0,31.0,65.0,1021.6,1019.3,11.8,16.6
6.3,27.7,0.4,41.0,15.0,22.0,25.0,1019.6,1015.4,15.0,27.1
14.9,31.6,0.0,74.0,31.0,43.0,14.0,1009.7,1004.6,22.9,30.6
8.2,22.8,0.0,43.0,19.0,19.0,37.0,1014.8,1012.0,14.4,21.8
7.8,21.9,0.0,104.0,31.0,50.0,68.0,1010.1,1011.7,16.6,14.0
1.7,17.7,0.2,59.0,19.0,26.0,37.0,1026.4,1025.4,11.4,16.7
4.6,19.4,0.0,41.0,20.0,22.0,44.0,1027.2,1024.1,12.2,18.3
1.2,23.3,0.0,24.0,15.0,11.0,27.0,1022.8,1018.0,12.3,22.1
6.6,31.0,0.0,52.0,17.0,31.0,14.0,1015.6,1011.1,20.5,30.4
7.3,24.1,0.0,37.0,20.0,7.0,30.0,1017.3,1014.7,12.3,22.2
12.1,24.9,0.0,74.0,17.0,9.0,54.0,1006.2,1001.1,18.3,21.9
8.2,18.8,0.6,57.0,20.0,30.0,41.0,1014.6,1016.5,11.8,16.9
5.4,20.5,0.2,39.0,13.0,20.0,41.0,1022.9,1021.7,10.5,19.0
2.9,26.6,0.0,39.0,15.0,22.0,19.0,1022.3,1017.6,13.0,24.8
9.5,30.8,0.0,57.0,7.0,28.0,13.0,1013.8,1010.1,15.1,29.0
10.0,26.6,0.0,39.0,20.0,13.0,24.0,1016.0,1013.3,13.6,24.4
6.1,25.8,0.0,54.0,7.0,30.0,22.0,1011.4,1008.1,11.8,24.5
5.8,16.7,0.0,80.0,26.0,39.0,57.0,1016.0,1017.9,9.6,12.8
3.0,17.8,0.4,57.0,31.0,31.0,36.0,1024.5,1023.3,9.2,16.0
1.6,17.9,0.0,46.0,13.0,20.0,36.0,1024.8,1021.4,9.3,16.5
4.3,18.9,0.0,54.0,22.0,20.0,58.0,1022.1,1021.5,12.3,17.1
1.5,22.7,0.6,30.0,19.0,11.0,24.0,1027.2,1024.2,10.5,19.9
9.9,31.3,0.0,43.0,15.0,20.0,13.0,1024.7,1020.6,16.3,28.9
14.9,34.0,0.0,54.0,17.0,33.0,10.0,1021.0,1019.0,22.3,32.8
8.1,27.5,0.0,43.0,28.0,15.0,19.0,1027.7,1024.6,13.0,24.8
9.0,33.3,0.0,35.0,20.0,11.0,14.0,1024.5,1021.3,14.3,30.6
14.3,37.7,0.0,61.0,19.0,17.0,11.0,1017.6,1013.1,21.5,36.0
11.5,31.1,0.0,33.0,24.0,11.0,30.0,1017.0,1013.1,15.8,28.8
10.8,30.5,0.0,46.0,2.0,28.0,23.0,1013.3,1012.8,15.3,28.9
10.1,29.0,0.0,39.0,15.0,22.0,24.0,1016.2,1012.9,14.9,27.7
7.9,26.8,0.0,52.0,2.0,13.0,31.0,1013.6,1010.5,15.2,25.3
12.8,20.6,4.6,65.0,37.0,39.0,31.0,1010.0,1012.2,14.3,19.0
7.9,21.7,0.2,67.0,35.0,43.0,47.0,1015.4,1015.8,14.0,20.2
6.7,23.9,0.0,37.0,15.0,17.0,38.0,1020.0,1016.3,13.7,21.9
6.4,26.3,0.0,44.0,13.0,17.0,28.0,1016.7,1013.3,13.3,24.4
10.1,35.3,0.0,63.0,17.0,39.0,12.0,1008.5,1000.9,19.7,32.5
11.0,18.2,1.0,76.0,39.0,46.0,26.0,1008.7,1012.5,12.9,17.4
3.9,20.6,0.0,41.0,22.0,20.0,29.0,1024.1,1023.6,11.8,18.8
6.1,26.2,0.0,33.0,19.0,13.0,19.0,1024.4,1019.7,12.9,24.5
12.8,28.5,0.0,54.0,19.0,39.0,29.0,1014.8,1012.9,17.1,27.1
6.8,23.2,0.0,46.0,28.0,20.0,27.0,1021.1,1018.6,13.0,21.3
5.0,26.8,0.0,35.0,7.0,22.0,15.0,1018.3,1014.7,12.4,24.1
11.3,35.4,0.0,50.0,17.0,15.0,9.0,1016.3,1013.5,21.1,34.1
16.9,31.5,0.0,56.0,17.0,35.0,34.0,1014.4,1015.9,23.8,27.5
7.0,26.1,0.0,48.0,24.0,20.0,17.0,1023.4,1020.5,13.9,23.8
6.3,25.3,0.0,46.0,24.0,24.0,30.0,1024.4,1022.2,14.9,24.5
4.1,28.4,0.0,31.0,13.0,11.0,14.0,1023.2,1018.9,12.4,25.8
10.5,33.1,0.0,31.0,15.0,13.0,10.0,1016.6,1013.2,19.6,30.8
15.4,37.2,0.0,39.0,19.0,15.0,9.0,1013.5,1008.1,22.3,35.7
18.2,23.2,0.0,50.0,20.0,30.0,48.0,1009.7,1011.2,21.6,20.6
9.9,23.1,0.0,33.0,9.0,7.0,49.0,1013.0,1009.3,13.2,19.1
9.9,20.6,3.0,59.0,28.0,30.0,43.0,1013.1,1012.9,12.6,18.8
8.7,22.6,0.0,50.0,26.0,26.0,43.0,1017.1,1016.4,14.9,20.4
4.9,24.9,0.0,30.0,11.0,13.0,29.0,1022.0,1019.7,13.8,22.9
9.0,32.2,0.0,43.0,24.0,24.0,15.0,1018.3,1013.0,17.3,29.5
17.1,27.5,0.0,61.0,20.0,24.0,75.0,1006.3,1007.8,25.2,21.1
11.9,25.8,1.4,43.0,20.0,17.0,31.0,1012.5,1011.1,14.5,23.7
13.5,29.5,0.2,61.0,9.0,39.0,31.0,1009.8,1006.4,19.9,27.8
11.0,27.7,1.2,44.0,15.0,24.0,24.0,1012.7,1011.3,15.0,27.6
15.0,24.7,0.0,63.0,4.0,37.0,42.0,1008.2,1009.2,21.3,22.5
7.4,23.2,0.0,48.0,22.0,20.0,32.0,1020.7,1019.9,15.2,21.4
5.7,24.4,0.0,43.0,24.0,20.0,36.0,1022.8,1021.1,14.6,23.1
7.0,27.9,0.0,30.0,19.0,11.0,14.0,1024.9,1021.3,14.0,25.4
6.4,31.1,0.0,31.0,17.0,11.0,11.0,1021.4,1016.7,16.3,30.0
10.4,33.8,0.0,33.0,22.0,9.0,14.0,1013.5,1009.7,23.1,31.4
20.6,39.6,0.0,76.0,17.0,28.0,10.0,1006.5,1002.4,24.4,36.8
16.2,24.3,0.0,46.0,22.0,30.0,50.0,1008.1,1007.4,17.2,22.3
9.8,31.3,0.0,22.0,9.0,7.0,21.0,1009.6,1008.3,17.5,28.7
17.4,34.3,0.0,72.0,17.0,17.0,19.0,1010.6,1005.6,24.0,32.9
14.3,30.8,9.6,48.0,6.0,17.0,31.0,1010.4,1007.8,19.2,29.2
14.5,26.1,0.2,44.0,24.0,28.0,46.0,1009.6,1007.8,17.2,23.6
13.9,24.2,0.0,61.0,31.0,35.0,45.0,1009.5,1007.6,17.8,22.6
14.5,23.8,0.0,35.0,20.0,19.0,46.0,1007.3,1005.7,18.3,22.3
10.6,29.1,0.0,39.0,13.0,13.0,31.0,1009.8,1009.2,17.6,26.7
11.3,32.1,0.0,42.542437779195915,20.0,9.0,27.0,1014.6,1011.3,18.2,29.7
16.1,26.1,0.9348629700446144,46.0,9.0,28.0,34.0,1010.5,1010.3,21.0,24.3
12.6,27.6,0.0,59.0,31.0,37.0,29.0,1015.9,1015.8,18.1,25.4
9.5,31.1,0.0,42.542437779195915,26.0,9.0,22.0,1020.1,1016.7,18.6,29.3
15.6,34.7,0.0,52.0,15.0,22.0,16.0,1014.4,1009.5,23.7,32.5
16.9,31.9,0.2,46.0,13.0,28.0,25.0,1009.1,1007.2,20.8,30.3
10.5,33.9,0.0,43.0,9.0,7.0,17.0,1008.1,1002.8,18.5,31.0
9.7,26.2,0.0,81.0,19.0,57.0,45.0,1000.0,1000.7,18.6,21.1
6.8,24.9,0.0,39.0,11.0,15.0,29.0,1010.5,1007.3,14.6,21.3
9.8,23.6,0.0,76.0,28.0,50.0,54.0,1008.1,1009.4,17.3,19.0
7.3,25.4,0.0,44.0,19.0,22.0,28.0,1018.6,1017.4,15.2,23.9
8.8,30.1,0.0,30.0,9.0,15.0,29.0,1019.8,1016.3,16.1,27.5
15.5,36.1,0.0,57.0,13.0,19.0,15.0,1013.4,1010.4,24.0,34.5
18.9,32.5,0.0,56.0,28.0,24.0,19.0,1008.4,1006.7,21.9,32.2
16.1,26.0,0.2,50.0,19.0,26.0,51.0,1009.9,1011.1,18.6,23.3
6.6,27.0,0.0,44.0,17.0,19.0,27.0,1016.9,1013.4,15.5,24.9
9.4,25.4,0.0,56.0,22.0,31.0,29.0,1012.1,1009.0,15.9,23.8
6.4,24.2,0.0,54.0,28.0,19.0,26.0,1018.0,1017.0,14.3,22.1
7.3,28.0,0.0,31.0,13.0,13.0,20.0,1021.2,1017.7,15.3,25.2
10.2,32.5,0.0,44.0,22.0,26.0,15.0,1014.5,1009.3,21.0,30.5
13.3,23.3,0.0,76.0,35.0,46.0,31.0,1003.1,1005.3,19.3,20.5
11.5,25.5,0.4,59.0,33.0,35.0,33.0,1011.4,1012.1,17.1,23.5
7.2,28.8,0.0,28.0,15.0,13.0,26.0,1016.9,1013.5,15.4,25.2
10.5,32.6,0.0,46.0,6.0,7.0,23.0,1013.1,1011.7,19.5,29.0
19.4,42.0,0.0,50.0,20.0,28.0,8.0,1011.5,1008.3,27.5,41.2
25.3,41.6,0.0,94.0,30.0,28.0,16.0,1007.9,1003.8,32.4,38.9
16.2,31.8,0.4,46.0,31.0,15.0,25.0,1015.9,1014.5,18.6,28.4
11.9,35.3,0.0,43.0,19.0,15.0,23.0,1017.6,1015.7,21.5,32.2
15.5,37.9,0.0,46.0,24.0,13.0,20.0,1018.0,1015.2,22.1,36.4
21.1,39.8,0.0,44.0,13.0,11.0,39.0,1013.4,1010.2,28.2,33.0
21.1,25.4,8.6,43.0,7.0,31.0,90.0,1008.3,1008.6,22.2,21.9
16.6,23.3,7.0,43.0,20.0,24.0,69.0,1009.3,1007.5,17.8,21.4
12.9,19.7,23.6,31.0,22.0,22.0,91.0,1011.6,1011.8,13.0,16.3
13.0,29.9,0.2,43.0,19.0,26.0,53.0,1014.1,1011.5,16.9,26.3
16.8,33.4,0.0,48.0,26.0,26.0,40.0,1011.6,1006.8,23.1,31.3
21.6,24.0,30.8,69.0,20.0,43.0,78.0,999.1,998.1,21.9,22.0
16.8,25.1,0.2,56.0,28.0,33.0,61.0,1006.5,1006.9,17.1,21.2
13.7,23.5,0.0,41.0,24.0,22.0,49.0,1011.5,1010.2,15.4,20.7
10.1,26.2,0.0,65.0,19.0,31.0,37.0,1011.2,1008.1,15.4,24.8
14.1,26.0,0.0,48.0,26.0,30.0,37.0,1013.1,1012.2,16.8,23.7
12.0,24.1,0.0,50.0,24.0,19.0,37.0,1017.1,1015.9,16.0,22.8
9.4,28.4,0.0,43.0,31.0,11.0,22.0,1015.6,1011.9,14.6,25.4
14.4,27.7,0.0,37.0,13.0,17.0,26.0,1005.4,1002.3,19.0,25.9
14.6,34.1,0.0,46.0,15.0,9.0,26.0,1008.2,1007.1,18.9,32.2
15.1,37.0,0.0,54.0,13.0,17.0,25.0,1010.5,1006.0,20.0,35.1
15.9,29.1,0.0,41.0,22.0,24.0,40.0,1007.2,1006.3,19.4,26.1
11.2,28.0,0.0,59.0,17.0,26.0,36.0,1007.2,1004.2,16.8,25.5
11.4,22.6,0.0,59.0,22.0,37.0,34.0,1010.2,1010.7,15.3,21.7
7.6,23.5,0.0,44.0,13.0,20.0,28.0,1017.5,1014.9,13.7,20.7
7.8,25.4,0.0,56.0,17.0,28.0,32.0,1017.3,1014.1,14.1,22.8
7.6,28.9,0.0,46.0,24.0,26.0,23.0,1016.9,1014.7,15.1,26.8
10.2,27.2,0.0,52.0,31.0,26.0,27.0,1018.9,1016.1,17.3,25.8
9.2,26.1,0.0,46.0,28.0,17.0,27.0,1017.1,1013.6,16.5,24.0
9.8,25.0,0.0,59.0,19.0,30.0,35.0,1014.0,1012.1,15.9,23.4
13.7,23.6,0.0,56.0,26.0,35.0,37.0,1015.2,1014.0,14.7,22.2
11.7,26.3,0.0,50.0,33.0,28.0,33.0,1019.7,1019.2,15.2,24.8
8.0,29.5,0.0,50.0,20.0,17.0,28.0,1022.6,1019.2,14.6,27.4
9.2,26.3,0.0,48.0,20.0,24.0,35.0,1020.0,1017.9,14.5,23.7
8.1,32.8,0.0,56.0,20.0,26.0,28.0,1021.0,1018.8,15.5,30.2
15.4,37.1,0.0,46.0,30.0,17.0,18.0,1021.6,1018.3,23.3,35.3
23.3,35.7,0.0,41.0,7.0,19.0,57.0,1019.3,1017.3,24.9,24.3
15.1,30.9,7.4,46.0,28.0,30.0,30.0,1019.2,1019.8,17.5,29.2
8.4,30.7,0.0,37.0,17.0,13.0,24.0,1023.8,1021.2,13.7,26.8
11.0,34.8,0.0,37.0,6.0,13.0,14.0,1021.4,1018.6,18.0,32.8
15.3,36.6,0.0,54.0,7.0,28.0,15.0,1018.8,1017.2,22.1,34.4
14.6,33.0,0.0,43.0,24.0,13.0,36.0,1021.5,1018.4,18.5,30.2
18.4,35.2,0.0,63.0,13.0,13.0,26.0,1017.6,1015.8,26.2,33.9
18.7,36.5,3.6,39.0,19.0,20.0,31.0,1017.1,1015.1,21.5,33.7
20.2,42.1,0.0,56.0,19.0,20.0,15.0,1013.3,1009.0,25.1,41.1
13.4,28.8,0.0,46.0,33.0,24.0,37.0,1016.6,1015.6,17.4,27.1
10.6,30.5,0.0,43.0,22.0,13.0,32.0,1017.4,1015.4,16.2,27.7
11.0,30.8,0.0,39.0,19.0,7.0,32.0,1019.4,1017.1,15.7,28.5
14.1,34.6,0.0,31.0,17.0,15.0,25.0,1017.9,1014.3,19.1,32.6
17.8,37.2,0.0,39.0,13.0,17.0,19.0,1014.0,1012.0,24.3,35.6
20.1,39.0,0.0,46.0,13.0,15.0,18.0,1012.1,1009.5,24.9,36.7
24.2,39.4,0.0,37.0,13.0,15.0,20.0,1011.6,1009.4,26.7,37.0
20.7,29.3,0.0,57.0,31.0,30.0,42.0,1013.2,1012.9,21.8,27.7
9.5,25.9,0.0,46.0,20.0,28.0,27.0,1019.8,1017.9,13.6,24.3
8.8,28.8,0.0,39.0,20.0,20.0,31.0,1015.8,1012.2,14.0,26.4
14.0,30.7,0.0,43.0,17.0,30.0,36.0,1011.2,1009.5,17.7,28.7
11.7,31.3,0.0,33.0,13.0,7.0,36.0,1011.2,1008.0,18.1,29.1
18.0,37.0,0.2,87.0,15.0,30.0,22.0,1004.8,1001.0,23.1,35.9
11.5,25.6,1.4,46.0,20.0,15.0,35.0,1013.4,1014.7,14.5,23.8
10.3,26.1,0.0,35.0,20.0,9.0,28.0,1017.2,1014.5,12.4,24.8
12.3,28.3,0.0,37.0,15.0,17.0,22.0,1016.8,1015.4,15.8,26.2
8.6,24.8,0.0,52.0,13.0,31.0,39.0,1017.2,1014.2,14.3,23.4
9.6,23.4,0.0,65.0,22.0,26.0,29.0,1019.8,1018.4,12.9,21.0
11.6,21.9,0.2,52.0,35.0,30.0,50.0,1015.1,1013.9,15.2,21.6
13.0,24.4,0.0,41.0,15.0,20.0,53.0,1014.2,1012.3,14.7,22.1
10.4,26.0,0.0,44.0,11.0,28.0,47.0,1013.6,1011.3,14.3,23.3
12.3,26.4,0.0,43.0,17.0,20.0,46.0,1014.5,1013.7,16.8,24.1
6.3,26.0,0.0,31.0,9.0,15.0,31.0,1018.8,1016.1,10.9,24.4
8.5,26.2,0.0,41.0,6.0,20.0,33.0,1017.0,1015.6,12.4,24.1
11.0,24.1,0.0,44.0,17.0,28.0,45.0,1020.6,1019.6,14.3,22.5
5.3,25.8,0.0,28.0,15.0,9.0,30.0,1023.5,1019.8,10.7,22.8
8.4,30.2,0.0,52.0,9.0,31.0,17.0,1017.5,1013.2,14.5,28.1
8.9,25.4,0.0,44.0,15.0,13.0,29.0,1017.1,1015.5,12.2,22.3
7.9,27.8,0.0,33.0,20.0,2.0,24.0,1014.4,1010.9,12.5,25.2
12.5,32.1,0.0,63.0,17.0,33.0,27.0,1002.5,999.1,22.2,30.0
16.8,26.8,0.0,44.0,24.0,22.0,48.0,1005.8,1006.1,17.7,23.9
17.7,33.3,0.0,69.0,17.0,35.0,36.0,1003.8,1004.4,22.4,31.0
9.6,22.7,0.0,46.0,17.0,20.0,30.0,1019.1,1020.8,14.2,21.2
5.1,24.6,0.0,35.0,9.0,15.0,26.0,1026.0,1023.3,9.7,22.3
7.7,31.5,0.0,43.0,19.0,13.0,29.0,1019.9,1014.6,14.3,29.1
14.3,24.1,0.0,59.0,26.0,33.0,45.0,1009.5,1011.1,20.7,22.6
7.7,18.0,0.0,50.0,15.0,24.0,44.0,1019.8,1019.6,10.5,15.5
5.3,21.0,0.0,59.0,6.0,26.0,35.0,1019.7,1015.7,9.2,19.0
6.5,17.3,1.2,70.0,19.0,46.0,42.0,1020.8,1021.3,8.5,16.5
8.4,17.5,0.0,39.0,22.0,22.0,50.0,1026.7,1025.3,10.9,16.9
10.9,20.0,0.0,22.0,4.0,9.0,51.0,1026.1,1022.9,13.2,18.2
6.1,25.3,0.0,33.0,9.0,24.0,32.0,1023.0,1020.9,11.4,23.7
9.0,26.3,0.0,33.0,7.0,9.0,30.0,1024.4,1023.2,12.5,24.7
9.4,29.7,0.0,28.0,15.0,11.0,24.0,1025.7,1021.7,15.3,28.0
15.3,30.9,0.0,56.0,15.0,33.0,18.0,1017.4,1013.5,19.5,30.3
9.0,20.0,1.0,50.0,17.0,28.0,34.0,1023.7,1022.9,10.5,19.3
2.4,21.0,0.0,31.0,13.0,17.0,29.0,1025.2,1022.0,6.2,19.2
4.5,23.4,0.0,33.0,13.0,7.0,31.0,1019.8,1015.8,11.2,21.9
7.2,20.7,0.0,43.0,17.0,20.0,42.0,1013.8,1009.8,12.6,19.2
7.4,12.9,0.4,30.0,17.0,19.0,100.0,1007.5,1006.2,10.0,11.7
9.7,14.7,8.0,61.0,41.0,41.0,64.0,1015.5,1018.4,12.0,13.0
8.1,20.0,0.0,44.0,26.0,28.0,50.0,1025.6,1024.6,12.1,18.0
5.8,19.9,0.0,33.0,13.0,13.0,43.0,1027.4,1024.0,11.4,18.6
6.2,22.6,0.0,39.0,26.0,19.0,37.0,1025.9,1022.6,13.8,21.7
9.5,23.9,0.0,30.0,17.0,6.0,36.0,1022.0,1018.4,15.1,22.5
12.6,22.2,0.0,33.0,19.0,4.0,42.0,1021.1,1019.7,14.8,21.7
10.2,24.7,0.0,39.0,13.0,9.0,33.0,1021.9,1017.9,12.5,23.7
12.5,29.1,1.4,50.0,26.0,20.0,23.0,1017.4,1013.4,18.1,27.6
12.0,25.2,0.0,50.0,13.0,31.0,45.0,1018.4,1017.6,18.4,24.3
11.4,17.4,0.0,28.0,15.0,9.0,55.0,1026.7,1024.2,13.8,17.0
11.1,13.5,0.0,28.0,17.0,22.0,97.0,1021.9,1016.9,12.4,12.9
10.4,20.6,2.2,57.0,17.0,33.0,56.0,1016.3,1013.1,11.6,19.5
5.0,16.5,0.8,56.0,26.0,28.0,37.0,1029.8,1031.0,9.1,15.6
1.4,16.8,0.0,52.0,17.0,26.0,43.0,1037.9,1033.9,8.6,16.6
4.3,20.2,0.0,41.0,17.0,22.0,40.0,1033.3,1028.2,10.6,19.4
4.0,21.8,0.0,37.0,13.0,22.0,40.0,1026.3,1021.3,10.2,21.1
7.5,19.8,0.0,31.0,7.0,15.0,53.0,1018.1,1013.1,11.8,19.0
11.0,19.5,0.0,63.0,13.0,44.0,96.0,1007.0,1004.5,13.8,12.4
2.7,17.8,2.0,44.0,9.0,20.0,58.0,1009.5,1010.8,7.8,15.7
6.6,15.3,0.2,48.0,22.0,28.0,57.0,1021.7,1021.6,8.6,15.0
6.8,17.3,0.0,35.0,19.0,20.0,48.0,1025.8,1024.3,10.5,16.5
1.6,16.8,0.0,35.0,13.0,22.0,48.0,1030.0,1027.8,7.7,15.5
3.2,18.3,0.0,31.0,20.0,13.0,40.0,1031.4,1028.1,9.1,17.3
4.6,21.7,0.0,37.0,13.0,17.0,34.0,1030.0,1026.0,12.6,21.0
8.8,23.3,0.0,37.0,26.0,17.0,39.0,1025.4,1021.1,12.7,22.9
12.7,22.4,0.0,52.0,22.0,35.0,36.0,1018.0,1015.4,16.5,21.4
8.0,17.8,0.0,28.0,7.0,13.0,54.0,1021.1,1018.5,10.2,16.7
7.2,24.0,0.0,43.0,15.0,20.0,35.0,1014.3,1008.0,12.5,23.0
9.6,14.8,1.4,74.0,39.0,46.0,54.0,1002.7,1006.0,10.4,14.0
7.3,15.9,1.2,56.0,26.0,28.0,83.0,1015.8,1015.8,10.1,14.4
6.3,15.7,1.4,54.0,19.0,31.0,50.0,1022.5,1021.6,9.9,15.0
4.8,16.4,0.2,54.0,13.0,30.0,84.0,1022.0,1019.2,10.5,14.5
9.3,17.2,2.0,59.0,24.0,33.0,69.0,1016.7,1013.1,11.6,16.8
11.6,16.2,3.2,65.0,31.0,39.0,66.0,1007.7,1009.7,13.4,14.6
11.7,17.4,1.2,52.0,24.0,28.0,74.0,1015.8,1016.3,12.5,15.6
11.8,15.0,0.6,69.0,41.0,44.0,53.0,1015.3,1015.4,12.4,13.9
3.4,12.7,0.6,46.0,22.0,22.0,79.0,1027.8,1029.3,6.2,10.5
4.7,15.6,0.0,43.0,19.0,20.0,64.0,1034.8,1034.2,8.3,14.5
8.2,16.0,0.0,35.0,17.0,20.0,60.0,1037.6,1035.0,11.4,15.4
0.8,16.8,0.0,24.0,4.0,9.0,57.0,1036.2,1032.6,5.3,15.6
3.6,21.6,0.2,22.0,15.0,13.0,34.0,1033.3,1029.7,9.8,20.7
6.1,22.2,0.0,33.0,15.0,11.0,40.0,1027.8,1022.1,10.6,21.1
10.5,18.7,8.0,56.0,6.0,20.0,73.0,1011.8,1008.3,12.2,17.9
10.7,15.5,0.2,48.0,30.0,31.0,88.0,1013.2,1015.7,11.2,13.2
6.6,13.7,0.4,35.0,19.0,24.0,63.0,1025.2,1024.5,8.4,12.7
6.9,16.0,0.0,35.0,20.0,22.0,54.0,1030.0,1029.3,9.3,15.3
0.1,14.7,0.2,17.0,6.0,6.0,52.0,1033.2,1030.2,2.4,14.0
1.7,15.4,0.2,20.0,13.0,11.0,53.0,1030.9,1028.9,5.3,14.4
5.3,18.4,0.0,22.0,13.0,7.0,49.0,1030.9,1027.7,9.0,17.2
6.4,19.4,0.0,24.0,13.0,13.0,48.0,1027.9,1023.0,8.0,19.4
8.0,20.3,0.0,39.0,13.0,24.0,48.0,1020.4,1017.9,12.9,19.9
7.9,19.6,0.0,56.0,20.0,33.0,44.0,1018.0,1015.2,12.4,19.3
7.1,15.1,0.4,33.0,13.0,19.0,65.0,1023.1,1021.9,8.9,14.7
6.6,15.9,0.0,46.0,17.0,22.0,100.0,1022.3,1018.9,9.0,12.1
7.3,14.1,1.0,56.0,20.0,26.0,99.0,1016.5,1014.5,10.8,12.3
1.2,12.0,1.6,35.0,6.0,22.0,47.0,1026.8,1026.6,3.2,11.5
-0.7,11.4,0.0,20.0,4.0,2.0,57.0,1030.6,1027.7,1.4,10.4
1.4,12.2,0.2,20.0,0.0,11.0,48.0,1026.0,1022.7,8.2,11.2
5.0,13.0,0.4,46.0,17.0,24.0,90.0,1016.8,1013.2,5.8,11.9
5.8,14.9,6.8,43.0,19.0,17.0,88.0,1022.2,1023.9,10.6,14.3
7.4,16.9,0.0,28.0,7.0,17.0,66.0,1029.7,1027.1,10.8,16.5
8.2,16.1,0.0,41.0,13.0,17.0,62.0,1025.0,1020.7,9.1,15.3
6.7,17.5,0.0,54.0,19.0,33.0,64.0,1019.5,1016.6,9.7,16.5
8.7,13.5,0.8,57.0,13.0,24.0,49.0,1024.5,1026.3,9.2,12.6
0.1,12.6,0.0,35.0,6.0,22.0,59.0,1036.3,1034.8,4.7,11.6
0.7,15.2,0.0,31.0,9.0,20.0,52.0,1036.7,1033.3,3.6,14.9
3.6,18.2,0.0,37.0,24.0,13.0,55.0,1032.5,1029.1,6.8,17.7
6.4,18.6,0.0,26.0,13.0,11.0,51.0,1028.9,1025.6,8.2,17.2
5.5,16.6,0.0,20.0,17.0,7.0,60.0,1026.3,1023.8,7.1,15.7
7.1,11.1,0.6,39.0,24.0,26.0,100.0,1022.8,1019.6,9.9,11.0
9.9,15.5,9.6,19.0,9.0,9.0,77.0,1017.8,1015.2,10.9,14.4
6.6,14.1,0.0,31.0,7.0,17.0,86.0,1015.1,1014.0,9.4,13.9
9.4,15.0,2.0,43.0,20.0,24.0,69.0,1019.6,1019.5,10.4,14.6
3.4,12.4,0.0,35.0,13.0,17.0,67.0,1025.9,1025.1,5.6,11.1
-0.3,12.0,0.2,24.0,6.0,11.0,59.0,1029.1,1026.8,2.0,11.3
1.3,11.7,0.0,28.0,15.0,15.0,58.0,1027.9,1024.8,3.8,11.2
3.3,13.5,0.0,39.0,17.0,20.0,63.0,1022.4,1018.5,5.4,12.7
5.4,12.1,0.8,31.0,11.0,15.0,94.0,1017.6,1015.5,7.8,11.1
6.2,13.9,1.0,37.0,11.0,24.0,88.0,1021.0,1022.2,8.0,13.0
8.0,14.4,0.2,39.0,11.0,22.0,63.0,1030.3,1030.3,9.6,13.3
4.4,13.6,0.0,28.0,6.0,11.0,64.0,1034.1,1032.0,8.2,12.8
6.3,13.7,0.0,30.0,7.0,17.0,59.0,1034.4,1032.3,8.4,12.7
5.2,14.4,0.0,20.0,7.0,9.0,53.0,1034.9,1033.3,7.7,14.3
4.3,14.1,0.0,26.0,7.0,2.0,63.0,1033.9,1030.9,6.7,12.6
0.5,12.0,0.0,17.0,0.0,9.0,57.0,1030.3,1028.5,5.4,11.4
3.9,14.4,0.0,43.0,9.0,28.0,57.0,1029.5,1025.5,7.3,13.9
7.3,12.9,1.4,46.0,20.0,24.0,48.0,1025.8,1027.6,9.2,12.0
-2.3,11.3,0.0,22.0,0.0,11.0,45.0,1029.8,1026.6,-0.2,10.9
-0.2,14.3,0.0,22.0,2.0,13.0,54.0,1024.8,1022.1,6.3,14.0
4.8,16.7,0.0,31.0,13.0,19.0,46.0,1021.0,1017.6,5.2,16.3
5.1,15.2,0.4,41.0,11.0,20.0,58.0,1015.5,1014.1,8.0,14.5
4.1,10.8,0.2,24.0,15.0,9.0,95.0,1021.9,1021.9,6.4,10.7
6.0,14.2,0.0,22.0,15.0,11.0,81.0,1025.7,1024.0,7.2,13.4
7.2,16.7,0.6,30.0,15.0,15.0,40.0,1024.3,1020.3,9.3,15.6
8.1,16.0,0.2,43.0,11.0,24.0,61.0,1015.1,1011.0,9.1,14.8
7.2,10.9,1.8,57.0,17.0,28.0,78.0,1006.3,1003.9,7.4,7.8
4.6,12.5,3.8,61.0,24.0,37.0,78.0,1011.4,1011.5,6.0,11.6
4.5,13.2,0.6,50.0,19.0,31.0,93.0,1018.2,1015.2,6.3,12.0
6.3,11.0,0.2,70.0,11.0,52.0,92.0,1014.5,1010.2,7.0,8.4
0.1,9.6,1.6,26.0,0.0,13.0,77.0,1016.9,1017.7,1.5,9.2
1.0,11.9,0.2,48.0,19.0,28.0,77.0,1025.3,1024.1,5.3,11.3
3.7,11.4,0.2,44.0,22.0,22.0,84.0,1026.2,1026.0,7.6,10.2
1.0,10.9,0.4,28.0,9.0,17.0,56.0,1032.4,1031.1,2.9,10.0
1.4,9.6,0.0,15.0,0.0,11.0,54.0,1033.9,1031.8,4.8,8.4
-1.1,13.1,0.0,35.0,15.0,20.0,48.0,1031.7,1027.9,2.8,12.6
2.7,15.0,0.0,37.0,17.0,17.0,59.0,1023.6,1017.1,6.1,14.1
6.1,15.5,0.0,50.0,20.0,28.0,54.0,1018.5,1020.1,9.1,14.8
-0.6,15.7,0.0,35.0,7.0,15.0,46.0,1024.7,1020.4,3.8,15.5
3.9,15.6,0.0,57.0,19.0,39.0,55.0,1012.5,1009.5,9.8,14.6
5.7,14.1,2.8,69.0,26.0,44.0,54.0,1015.7,1012.7,6.6,13.2
5.0,11.2,4.4,65.0,22.0,31.0,62.0,1017.6,1020.3,6.4,9.6
0.8,12.7,0.8,33.0,11.0,20.0,64.0,1031.7,1031.8,3.2,11.5
1.9,13.2,0.2,33.0,7.0,11.0,80.0,1037.2,1034.3,4.0,12.0
3.9,11.9,0.2,39.0,11.0,24.0,55.0,1032.9,1027.9,8.7,11.5
4.3,13.3,0.0,48.0,17.0,31.0,66.0,1020.8,1015.3,6.7,11.6
-1.3,12.3,1.2,33.0,0.0,19.0,53.0,1022.6,1017.0,2.0,11.7
2.0,10.1,1.0,46.0,19.0,11.0,73.0,1015.2,1015.4,8.9,9.7
4.1,13.1,1.4,72.0,19.0,41.0,70.0,1016.5,1014.2,6.5,12.9
6.5,11.5,0.4,52.0,20.0,24.0,62.0,1020.9,1022.4,8.3,10.1
0.9,11.8,0.0,43.0,11.0,28.0,79.0,1025.4,1021.6,4.4,10.8
4.4,12.1,1.2,57.0,22.0,35.0,78.0,1017.2,1017.0,8.2,10.2
3.1,13.0,0.6,35.0,6.0,20.0,71.0,1023.4,1023.3,5.4,12.4
5.4,14.1,0.0,28.0,9.0,19.0,96.0,1027.6,1025.5,7.7,12.6
4.5,14.0,0.4,24.0,7.0,9.0,66.0,1026.7,1022.8,6.3,13.3
6.3,16.2,0.2,35.0,11.0,17.0,44.0,1020.1,1014.9,9.6,15.5
7.1,14.5,0.0,65.0,22.0,41.0,58.0,1010.5,1009.1,9.1,13.8
4.4,16.8,1.2,59.0,17.0,31.0,42.0,1010.7,1004.0,7.1,15.0
6.2,13.6,0.8,54.0,19.0,30.0,100.0,1004.9,1008.9,7.4,10.3
3.9,15.1,0.4,35.0,15.0,28.0,83.0,1020.8,1020.6,8.6,13.5
8.5,15.3,0.2,33.0,11.0,17.0,93.0,1026.7,1026.2,10.1,14.2
8.5,15.3,0.4,22.0,7.0,13.0,71.0,1032.5,1030.4,9.2,14.1
5.9,15.2,0.0,37.0,7.0,26.0,61.0,1028.5,1024.1,7.4,14.3
7.4,13.4,0.6,46.0,20.0,24.0,55.0,1020.8,1019.8,10.1,12.6
-0.6,10.9,0.0,19.0,6.0,2.0,52.0,1024.7,1023.4,5.2,10.5
-0.1,14.6,0.0,31.0,7.0,13.0,45.0,1026.1,1023.0,6.9,13.3
6.9,22.6,0.0,50.0,19.0,24.0,30.0,1022.0,1016.5,9.7,22.1
9.6,19.9,0.2,41.0,11.0,19.0,42.0,1014.5,1009.9,14.6,17.7
6.6,17.9,0.2,35.0,13.0,20.0,54.0,1017.0,1015.9,9.6,16.8
2.0,17.0,0.0,41.0,9.0,15.0,45.0,1020.7,1018.6,7.9,16.2
5.1,13.7,0.2,61.0,37.0,39.0,45.0,1022.4,1020.8,7.6,12.7
6.2,16.7,0.0,43.0,30.0,15.0,40.0,1026.0,1024.0,9.5,15.7
6.2,15.9,0.0,30.0,17.0,7.0,59.0,1025.2,1022.1,9.9,14.7
6.7,16.5,0.0,39.0,17.0,22.0,46.0,1023.7,1021.6,8.8,15.4
3.5,15.2,0.0,39.0,19.0,20.0,49.0,1028.6,1026.0,8.4,14.1
0.2,14.0,0.0,39.0,15.0,20.0,35.0,1029.4,1026.7,6.7,13.4
1.0,15.3,0.0,30.0,11.0,15.0,51.0,1027.4,1023.6,8.4,14.2
-1.5,15.0,0.0,26.0,0.0,9.0,43.0,1022.7,1018.8,4.6,14.5
2.0,21.5,0.0,33.0,17.0,13.0,29.0,1016.3,1011.1,7.3,20.6
7.3,10.8,3.2,37.0,9.0,17.0,100.0,1008.6,1004.3,8.7,10.1
4.9,16.4,11.2,43.0,24.0,26.0,75.0,1015.8,1018.5,10.4,15.4
1.3,14.7,0.4,28.0,9.0,19.0,52.0,1027.7,1024.5,6.3,14.1
0.7,15.0,0.2,20.0,7.0,6.0,54.0,1026.5,1022.1,6.5,13.9
6.4,18.0,0.0,67.0,11.0,33.0,88.0,1018.2,1010.9,9.5,13.5
4.2,13.7,4.2,63.0,30.0,31.0,52.0,1020.9,1020.6,7.9,12.8
7.4,17.6,2.0,43.0,22.0,26.0,64.0,1023.0,1022.4,11.3,16.3
8.4,14.2,0.4,35.0,19.0,19.0,86.0,1029.7,1029.3,10.3,13.2
2.3,17.3,0.0,22.0,9.0,7.0,46.0,1034.3,1030.9,8.5,16.3
5.7,22.3,0.2,35.0,15.0,20.0,35.0,1028.3,1024.4,11.4,22.1
10.9,25.9,0.0,30.0,11.0,15.0,30.0,1025.1,1022.3,13.5,24.3
10.7,27.7,0.0,33.0,11.0,19.0,24.0,1024.6,1019.2,16.1,27.1
12.2,30.2,0.0,59.0,17.0,31.0,23.0,1015.2,1010.1,20.1,27.4
9.0,16.7,2.6,41.0,22.0,20.0,43.0,1018.1,1017.9,11.4,16.1
5.6,16.1,0.2,26.0,7.0,15.0,46.0,1020.2,1018.5,11.3,15.0
3.0,16.0,0.2,41.0,19.0,28.0,54.0,1025.7,1026.1,9.3,14.8
6.7,14.9,0.0,24.0,13.0,15.0,68.0,1030.4,1027.6,9.9,14.1
9.8,18.2,0.0,24.0,13.0,7.0,45.0,1025.5,1021.3,11.7,17.4
2.6,23.8,0.0,39.0,9.0,15.0,26.0,1020.0,1015.8,14.6,22.8
9.0,15.0,0.0,52.0,35.0,26.0,49.0,1019.6,1020.6,11.0,13.5
3.5,15.9,0.4,50.0,24.0,24.0,36.0,1029.4,1029.6,9.5,14.9
-0.9,16.4,0.0,44.0,19.0,20.0,38.0,1036.8,1033.6,9.0,15.3
2.4,17.8,0.0,43.0,19.0,19.0,35.0,1034.9,1030.7,10.2,17.1
2.4,19.8,0.0,43.0,28.0,20.0,32.0,1033.8,1029.2,12.3,18.9
4.4,22.4,0.0,26.0,20.0,9.0,31.0,1030.6,1026.0,13.7,21.3
4.8,24.8,0.0,35.0,9.0,17.0,22.0,1024.9,1020.5,15.6,24.0
3.3,20.8,0.0,44.0,9.0,31.0,37.0,1019.0,1016.3,12.5,19.6
2.3,18.0,0.0,43.0,24.0,22.0,47.0,1019.9,1018.4,11.9,15.9
2.5,19.8,0.0,26.0,9.0,7.0,32.0,1025.0,1021.7,12.1,18.7
2.6,25.6,0.0,39.0,11.0,20.0,22.0,1028.1,1026.7,14.6,24.9
3.6,29.9,0.0,35.0,11.0,17.0,22.0,1032.9,1028.5,17.3,29.8
12.3,34.2,0.0,59.0,30.0,39.0,11.0,1027.1,1020.9,25.5,32.7
12.1,31.8,0.0,41.0,7.0,20.0,18.0,1022.5,1020.6,16.5,30.6
9.4,37.6,0.0,65.0,11.0,35.0,8.0,1021.0,1015.9,16.8,36.8
16.8,30.6,0.0,63.0,24.0,39.0,32.0,1013.5,1016.9,24.8,25.8
4.0,21.8,0.0,44.0,20.0,17.0,31.0,1034.6,1033.2,10.2,19.2
2.1,27.4,0.0,33.0,20.0,11.0,26.0,1034.0,1029.9,11.3,25.6
11.3,32.8,0.0,37.0,19.0,20.0,24.0,1028.6,1025.5,18.7,30.8
14.5,30.9,0.0,48.0,11.0,24.0,28.0,1025.0,1022.2,20.9,28.5
9.4,28.0,0.0,46.0,15.0,20.0,29.0,1018.3,1015.5,19.4,27.8
8.8,20.1,0.0,46.0,26.0,26.0,37.0,1020.6,1019.7,12.2,19.4
2.9,22.4,0.0,30.0,13.0,15.0,31.0,1025.5,1022.1,9.0,19.7
4.1,29.5,0.0,37.0,15.0,7.0,17.0,1022.7,1019.0,14.5,27.3
12.8,35.4,0.0,46.0,9.0,19.0,10.0,1016.6,1013.8,19.7,33.3
17.2,23.7,0.0,33.0,13.0,17.0,36.0,1019.0,1020.8,18.0,22.5
9.0,24.8,0.0,39.0,22.0,19.0,18.0,1026.1,1025.3,11.0,23.0
4.7,26.8,0.0,24.0,13.0,7.0,22.0,1029.1,1025.4,12.3,25.3
10.4,33.3,0.0,44.0,20.0,17.0,17.0,1023.0,1018.3,16.4,30.8
16.4,31.6,0.0,78.0,13.0,19.0,32.0,1014.3,1010.1,22.6,28.0
13.2,20.1,5.0,42.542437779195915,17.0,24.0,69.0,1014.7,1015.2,14.9,18.3
4.8,20.4,0.9348629700446144,46.0,28.0,28.0,34.0,1021.7,1020.3,11.4,19.1
3.0,22.3,0.2,30.0,15.0,17.0,29.0,1023.7,1020.5,10.6,20.1
5.5,27.0,0.0,28.0,19.0,9.0,22.0,1021.5,1018.2,14.0,24.1
14.0,32.4,0.0,57.0,17.0,20.0,29.0,1013.1,1010.8,22.3,28.9
12.4,21.3,0.0,48.0,33.0,28.0,41.0,1020.8,1022.0,14.0,19.8
4.0,26.9,0.0,43.0,28.0,17.0,29.0,1024.4,1020.9,14.0,25.0
12.9,26.6,0.0,33.0,13.0,11.0,28.0,1021.0,1018.6,17.7,25.5
10.3,31.0,0.0,37.0,15.0,9.0,14.0,1020.8,1017.5,19.9,29.6
16.7,32.6,0.0,52.0,30.0,30.0,18.0,1016.4,1013.1,19.4,31.2
13.2,31.3,0.0,46.0,6.0,22.0,16.0,1012.1,1008.6,19.7,29.5
11.2,25.3,0.0,48.0,15.0,31.0,42.0,1009.6,1007.4,13.7,22.6
10.9,23.4,0.0,43.0,11.0,11.0,44.0,1013.1,1012.5,13.9,22.0
9.4,25.0,0.0,41.0,28.0,19.0,32.0,1017.8,1014.5,12.8,23.8
12.5,19.6,0.0,43.0,20.0,22.0,94.0,1011.1,1008.2,17.0,17.0
15.5,21.3,18.6,44.0,11.0,35.0,88.0,1005.5,1004.1,17.3,18.3
13.2,21.4,0.4,46.0,24.0,28.0,62.0,1012.4,1012.5,14.4,19.6
8.9,24.9,0.0,35.0,24.0,17.0,25.0,1019.6,1019.0,13.9,22.3
9.0,32.5,0.0,31.0,15.0,6.0,17.0,1021.3,1018.9,16.2,29.5
16.2,36.7,0.0,43.0,19.0,22.0,12.0,1017.6,1013.4,24.6,35.8
15.9,21.9,0.0,41.0,22.0,24.0,58.0,1017.1,1017.4,16.5,19.7
6.4,26.3,0.0,26.0,17.0,13.0,17.0,1020.1,1016.8,12.4,23.4
12.0,30.2,0.0,44.0,11.0,24.0,27.0,1014.8,1012.5,20.4,28.8
9.1,23.4,0.0,56.0,28.0,24.0,35.0,1018.1,1016.3,14.0,21.6
6.4,23.7,0.0,46.0,26.0,31.0,40.0,1020.0,1017.7,14.2,20.5
6.0,26.0,0.0,39.0,20.0,19.0,27.0,1021.1,1017.6,13.8,23.7
8.4,31.0,0.0,35.0,19.0,9.0,21.0,1017.5,1013.6,17.9,29.0
12.8,34.2,0.0,61.0,15.0,35.0,15.0,1013.3,1010.4,23.6,32.1
11.8,40.1,0.0,63.0,2.0,22.0,11.0,1013.1,1009.3,23.6,37.2
18.2,34.9,0.0,67.0,11.0,26.0,25.0,1013.5,1012.5,25.1,33.7
16.6,21.5,0.0,52.0,19.0,33.0,60.0,1013.4,1014.9,18.6,17.0
9.0,23.2,0.0,43.0,24.0,20.0,31.0,1024.1,1022.0,13.2,21.2
6.2,23.1,0.0,52.0,17.0,22.0,34.0,1020.9,1017.0,14.1,22.1
13.0,24.6,0.0,46.0,28.0,24.0,35.0,1018.6,1017.2,15.4,22.1
8.5,27.2,0.0,54.0,15.0,30.0,29.0,1018.2,1013.7,15.6,24.6
12.4,36.0,0.0,83.0,19.0,57.0,9.0,1004.9,997.2,20.0,34.0
8.8,19.3,0.0,67.0,48.0,41.0,32.0,1011.4,1013.4,12.3,16.9
4.5,19.9,0.0,44.0,19.0,20.0,41.0,1019.6,1018.1,13.0,17.5
6.9,24.2,0.0,43.0,13.0,15.0,30.0,1018.6,1015.2,15.1,22.5
10.5,24.5,0.0,35.0,15.0,17.0,29.0,1016.4,1013.1,13.5,21.8
11.0,35.8,0.0,120.0,15.0,52.0,18.0,1007.4,999.4,20.9,33.2
8.4,20.9,0.0,69.0,28.0,54.0,57.0,1009.4,1012.0,16.0,15.1
3.9,22.0,0.0,50.0,28.0,24.0,25.0,1023.5,1023.6,12.4,20.4
5.5,29.5,0.0,31.0,17.0,11.0,24.0,1027.9,1023.9,14.5,26.0
13.4,34.6,0.0,31.0,22.0,9.0,12.0,1022.0,1018.2,22.1,32.1
19.1,38.7,0.0,43.0,13.0,9.0,8.0,1017.7,1013.9,28.7,36.9
20.3,40.4,0.0,65.0,13.0,15.0,11.0,1014.0,1010.3,26.3,38.3
26.3,35.0,0.0,59.0,30.0,44.0,22.0,1011.1,1006.6,30.5,34.8
18.2,30.6,5.4,63.0,24.0,41.0,39.0,1009.1,1007.6,22.4,29.7
13.8,26.8,0.0,46.0,33.0,22.0,38.0,1015.7,1014.9,18.1,24.2
10.4,26.6,0.0,52.0,9.0,28.0,32.0,1015.6,1011.9,16.8,23.8
10.2,21.5,0.0,61.0,31.0,41.0,36.0,1012.6,1013.0,16.5,19.1
5.6,24.0,0.2,33.0,22.0,13.0,23.0,1019.9,1017.0,13.8,21.8
10.4,30.5,0.0,46.0,19.0,20.0,10.0,1015.3,1012.1,17.7,29.5
9.7,34.4,0.0,33.0,7.0,15.0,11.0,1013.9,1012.2,21.6,32.0
20.1,36.0,0.0,43.0,13.0,9.0,17.0,1013.9,1012.0,24.7,33.7
18.3,37.5,0.0,48.0,19.0,7.0,16.0,1014.6,1011.9,26.7,35.2
18.2,39.5,0.0,46.0,17.0,9.0,12.0,1012.6,1009.9,25.7,38.1
20.8,42.6,0.0,63.0,17.0,35.0,10.0,1009.5,1006.0,32.3,40.7
26.5,42.7,0.0,63.0,33.0,35.0,10.0,1005.8,1003.0,35.1,40.7
25.6,29.0,0.0,56.0,35.0,26.0,64.0,1004.4,1009.1,27.1,20.9
12.9,26.1,0.4,43.0,33.0,20.0,30.0,1020.5,1020.2,16.5,23.8
9.9,30.5,0.0,35.0,17.0,11.0,15.0,1021.5,1018.2,16.4,26.7
10.6,33.0,0.0,39.0,9.0,17.0,9.0,1017.2,1014.1,20.1,30.2
17.0,37.5,0.0,41.0,26.0,24.0,13.0,1013.7,1010.1,25.5,35.2
23.1,37.9,0.0,59.0,22.0,19.0,15.0,1007.4,1002.0,27.7,36.1
12.2,23.1,4.2,57.0,30.0,31.0,28.0,1010.0,1011.8,14.5,22.1
7.2,24.0,0.0,56.0,13.0,22.0,31.0,1024.0,1022.8,15.0,22.0
8.4,29.6,0.0,35.0,22.0,17.0,20.0,1025.3,1022.2,15.7,26.2
12.5,34.2,0.0,31.0,15.0,13.0,13.0,1021.8,1018.7,21.1,31.3
17.5,36.5,0.0,46.0,20.0,9.0,10.0,1015.7,1012.7,24.3,34.9
18.4,40.7,0.0,46.0,13.0,9.0,8.0,1012.7,1009.9,29.0,37.7
20.4,37.9,0.0,54.0,17.0,28.0,12.0,1012.5,1010.4,23.6,36.4
14.7,31.0,0.0,52.0,33.0,15.0,29.0,1014.1,1011.1,17.8,28.1
15.5,31.4,0.0,46.0,31.0,24.0,32.0,1013.4,1011.4,21.9,30.0
16.0,30.4,5.6,46.0,26.0,9.0,30.0,1016.9,1013.8,20.2,29.2
15.1,31.6,0.0,56.0,22.0,20.0,27.0,1016.4,1013.2,20.9,30.0
14.0,31.1,0.0,48.0,24.0,13.0,28.0,1016.9,1015.2,20.3,29.2
13.4,29.1,0.0,52.0,24.0,24.0,27.0,1020.7,1019.3,17.9,27.5
10.2,31.5,0.0,39.0,17.0,9.0,21.0,1023.0,1019.9,15.7,28.3
11.0,34.8,0.0,31.0,7.0,17.0,12.0,1020.4,1017.4,18.3,32.5
13.4,37.3,0.0,65.0,15.0,19.0,12.0,1016.2,1012.8,22.9,35.7
17.0,36.0,0.0,80.0,6.0,54.0,38.0,1010.4,1010.6,23.6,26.5
14.3,36.8,0.8,31.0,24.0,7.0,22.0,1012.9,1010.8,22.4,34.0
22.3,41.6,0.0,78.0,17.0,54.0,15.0,1008.4,1007.0,30.3,38.5
15.0,23.9,0.0,57.0,41.0,44.0,37.0,1019.5,1021.6,16.2,20.6
7.2,26.9,0.0,48.0,30.0,20.0,27.0,1030.7,1027.1,15.4,23.5
7.8,30.0,0.0,37.0,22.0,9.0,21.0,1026.9,1022.5,16.5,27.5
16.5,34.4,0.0,31.0,17.0,13.0,16.0,1020.8,1017.1,23.4,32.8
18.9,38.2,0.0,54.0,17.0,19.0,10.0,1015.2,1011.7,26.6,36.3
16.0,39.4,0.0,57.0,11.0,31.0,13.0,1012.5,1008.1,24.3,38.2
22.2,37.1,2.2,57.0,13.0,35.0,33.0,1008.7,1006.1,24.4,34.0
20.0,34.6,0.0,39.0,15.0,24.0,27.0,1009.3,1008.3,23.1,32.2
18.7,29.1,24.4,65.0,13.0,9.0,73.0,1008.5,1007.4,20.0,25.3
16.0,26.2,4.0,43.0,26.0,24.0,53.0,1013.9,1014.0,18.2,24.2
13.2,27.2,0.0,41.0,20.0,24.0,49.0,1015.8,1013.7,16.0,24.7
14.4,29.5,0.0,44.0,31.0,22.0,34.0,1016.3,1014.1,18.2,27.3
11.6,31.9,0.0,33.0,13.0,19.0,22.0,1016.4,1013.1,17.2,30.0
17.2,35.5,0.0,39.0,20.0,9.0,20.0,1009.2,1005.7,24.9,32.7
16.3,26.7,0.0,65.0,28.0,39.0,40.0,1007.2,1003.7,18.0,24.9
10.1,20.4,0.0,43.0,17.0,26.0,42.0,1004.5,1002.3,14.2,18.5
12.0,25.7,0.0,52.0,33.0,17.0,27.0,1004.7,1003.0,18.1,23.3
13.2,21.4,0.0,61.0,22.0,39.0,87.0,1002.5,998.8,14.6,18.9
14.0,27.4,13.2,24.0,7.0,6.0,48.0,1006.4,1005.4,16.0,24.5
15.9,26.2,0.0,52.0,15.0,15.0,75.0,1003.0,1000.8,20.4,20.9
16.0,25.6,1.8,42.542437779195915,35.0,30.0,50.0,1009.4,1011.6,17.8,21.6
12.4,28.1,0.9348629700446144,52.0,28.0,35.0,29.0,1018.5,1016.4,16.2,26.1
11.3,31.5,0.0,37.0,19.0,17.0,33.0,1018.5,1015.8,16.3,29.0
16.3,33.8,0.0,35.0,17.0,9.0,21.0,1016.2,1013.6,22.4,32.0
16.8,35.9,0.0,46.0,9.0,13.0,19.0,1016.4,1014.7,22.5,34.1
15.5,32.6,0.0,46.0,19.0,22.0,19.0,1020.7,1019.2,18.4,30.8
11.1,33.5,0.0,31.0,13.0,4.0,20.0,1020.0,1016.8,16.5,30.7
13.0,33.9,0.0,46.0,13.0,17.0,13.0,1015.3,1012.4,18.3,31.6
12.9,32.5,0.0,43.0,13.0,11.0,26.0,1016.2,1013.4,17.0,29.7
13.2,34.5,0.0,41.0,24.0,13.0,21.0,1015.2,1011.9,19.7,31.4
15.3,31.0,0.0,52.0,11.0,31.0,22.0,1010.5,1008.9,20.4,29.7
11.5,26.7,0.0,54.0,17.0,30.0,28.0,1014.1,1012.4,16.5,25.1
10.4,25.4,0.0,57.0,11.0,28.0,39.0,1015.4,1012.7,15.2,22.9
13.0,24.0,0.0,65.0,22.0,26.0,27.0,1017.5,1017.1,15.8,22.3
10.8,25.3,0.0,46.0,28.0,24.0,49.0,1018.6,1015.9,14.5,22.7
14.0,29.3,0.0,35.0,20.0,15.0,39.0,1013.0,1009.6,15.6,26.2
14.4,23.2,0.0,43.0,17.0,20.0,50.0,1012.8,1013.9,17.4,22.5
7.4,25.6,0.0,41.0,13.0,17.0,35.0,1022.7,1021.6,13.0,22.4
9.8,31.7,0.0,31.0,22.0,11.0,21.0,1023.4,1020.8,15.7,28.4
15.7,36.1,0.0,39.0,17.0,6.0,14.0,1021.1,1018.4,22.8,34.6
21.5,42.1,0.0,65.0,15.0,31.0,12.0,1011.0,1008.4,27.3,40.1
21.3,30.3,0.0,37.0,19.0,11.0,45.0,1011.4,1008.5,23.4,28.3
18.7,28.5,0.0,59.0,13.0,33.0,36.0,1011.8,1012.3,19.5,26.6
11.2,26.0,0.2,43.0,19.0,22.0,37.0,1020.0,1019.4,15.3,23.9
12.4,29.3,0.0,43.0,19.0,20.0,35.0,1021.8,1019.0,17.5,26.6
11.2,28.5,0.0,39.0,15.0,20.0,35.0,1021.3,1019.4,15.4,24.8
10.1,29.0,0.0,31.0,20.0,9.0,31.0,1020.9,1018.8,16.5,26.7
13.7,34.1,0.0,35.0,7.0,15.0,16.0,1017.1,1014.7,19.4,32.9
15.8,37.5,0.0,52.0,7.0,20.0,12.0,1016.6,1014.6,23.9,35.5
15.7,34.1,0.0,39.0,11.0,11.0,26.0,1018.9,1017.0,17.1,32.0
16.2,37.9,0.0,50.0,20.0,15.0,21.0,1015.3,1013.0,22.6,36.0
17.3,36.0,0.0,33.0,9.0,13.0,24.0,1018.0,1016.0,20.4,35.0
18.4,40.3,0.0,61.0,20.0,9.0,17.0,1016.9,1013.6,23.6,39.4
21.3,37.0,1.2,44.0,26.0,17.0,27.0,1016.3,1015.4,22.3,34.9
19.7,40.1,0.0,65.0,26.0,19.0,14.0,1016.2,1013.4,22.6,39.3
22.5,31.7,1.8,46.0,20.0,22.0,38.0,1015.2,1015.2,22.8,30.5
19.0,22.9,14.8,26.0,11.0,11.0,80.0,1019.1,1017.2,19.6,22.4
17.7,30.1,8.0,26.0,9.0,11.0,52.0,1016.9,1015.4,19.7,28.6
17.8,29.4,0.0,30.0,13.0,17.0,51.0,1019.6,1019.0,18.3,28.0
14.2,32.2,0.0,26.0,13.0,9.0,38.0,1019.5,1017.3,15.4,29.5
15.2,27.8,0.0,48.0,20.0,20.0,37.0,1019.9,1017.6,17.2,26.7
10.6,29.0,0.0,30.0,15.0,11.0,31.0,1019.0,1016.4,13.9,26.6
13.9,32.9,0.0,30.0,24.0,15.0,25.0,1015.8,1013.2,19.0,31.0
18.9,34.7,0.0,69.0,13.0,15.0,25.0,1010.3,1004.5,24.1,33.5
12.6,19.2,8.4,74.0,39.0,43.0,58.0,1003.8,1007.8,13.1,17.3
9.4,19.0,0.4,37.0,7.0,24.0,48.0,1017.2,1017.3,11.2,18.0
8.6,20.4,0.0,39.0,17.0,20.0,44.0,1021.4,1019.8,11.5,18.4
8.6,25.4,0.0,37.0,9.0,15.0,28.0,1020.6,1017.9,12.6,24.4
11.5,27.7,0.0,35.0,15.0,9.0,25.0,1018.8,1015.7,14.7,25.6
14.7,28.4,0.0,39.0,9.0,26.0,27.0,1016.1,1015.7,19.4,27.4
13.5,25.3,0.0,35.0,15.0,15.0,45.0,1020.0,1018.3,15.7,24.2
10.2,23.0,0.0,41.0,20.0,28.0,37.0,1022.2,1020.2,12.4,21.8
9.8,21.0,0.0,37.0,7.0,24.0,56.0,1021.8,1020.5,11.9,19.4
10.4,21.2,0.0,39.0,17.0,20.0,39.0,1022.5,1020.4,13.4,19.3
9.0,18.2,0.0,30.0,11.0,17.0,45.0,1020.4,1019.0,10.5,16.7
7.2,20.7,0.0,50.0,20.0,22.0,40.0,1021.5,1019.6,11.7,18.8
7.6,19.8,0.0,41.0,11.0,26.0,36.0,1022.5,1020.9,13.3,18.6
8.0,24.0,0.0,31.0,7.0,17.0,46.0,1021.3,1018.3,10.9,21.6
10.9,26.8,0.0,56.0,15.0,37.0,27.0,1015.2,1011.2,15.5,25.0
13.1,22.3,0.0,48.0,20.0,24.0,36.0,1017.3,1020.1,16.2,20.9
4.6,22.0,0.0,43.0,13.0,11.0,33.0,1027.8,1024.1,12.6,20.8
5.9,24.8,0.0,28.0,7.0,11.0,25.0,1022.9,1016.9,13.5,23.9
12.6,29.0,0.0,57.0,20.0,28.0,23.0,1012.5,1010.0,19.0,27.8
13.6,19.4,2.4,50.0,15.0,35.0,48.0,1017.3,1018.8,13.9,18.0
4.5,20.2,0.0,30.0,0.0,9.0,44.0,1026.2,1023.3,11.1,18.8
7.3,19.2,0.0,30.0,7.0,17.0,52.0,1024.6,1022.5,13.2,18.4
7.9,21.3,0.0,35.0,7.0,19.0,51.0,1024.1,1021.0,11.6,20.0
11.2,23.3,0.0,46.0,19.0,33.0,45.0,1022.2,1020.0,14.3,21.9
13.4,21.5,0.0,44.0,26.0,26.0,53.0,1023.6,1022.3,15.7,19.9
10.0,20.8,0.0,35.0,24.0,19.0,46.0,1027.3,1023.8,14.4,20.0
6.6,21.6,0.0,30.0,11.0,6.0,40.0,1027.8,1024.7,13.4,20.7
7.7,24.2,0.0,28.0,13.0,17.0,30.0,1025.9,1023.2,15.3,23.2
9.9,27.4,0.0,43.0,2.0,24.0,22.0,1022.7,1018.8,17.8,27.1
12.2,23.1,0.0,44.0,19.0,31.0,52.0,1022.0,1020.5,16.3,20.5
6.7,21.0,0.0,43.0,17.0,13.0,34.0,1025.7,1020.7,11.9,19.8
5.5,23.8,0.0,24.0,13.0,9.0,27.0,1020.4,1016.1,13.1,23.0
8.8,27.7,0.0,28.0,6.0,9.0,25.0,1018.6,1016.4,14.0,26.8
14.0,30.9,0.0,43.0,15.0,19.0,22.0,1019.7,1015.3,20.0,30.1
15.6,22.0,0.0,37.0,13.0,26.0,53.0,1020.0,1020.2,17.1,21.1
8.9,19.0,0.2,43.0,28.0,24.0,38.0,1028.5,1026.4,13.6,18.8
4.5,22.2,0.0,35.0,7.0,22.0,39.0,1030.6,1027.5,10.4,21.5
7.8,23.8,0.0,26.0,13.0,9.0,35.0,1031.0,1027.1,13.4,23.3
10.8,27.2,0.0,33.0,9.0,13.0,25.0,1028.7,1025.2,15.8,26.0
10.8,27.9,0.0,35.0,9.0,20.0,21.0,1026.0,1020.9,16.4,27.4
14.6,27.3,0.0,56.0,17.0,30.0,26.0,1018.2,1014.0,17.8,26.4
16.0,20.5,0.0,31.0,7.0,6.0,68.0,1018.5,1016.2,16.5,20.2
15.7,18.9,1.4,46.0,11.0,17.0,80.0,1014.9,1011.9,15.7,17.9
14.6,25.5,2.6,44.0,9.0,24.0,32.0,1014.0,1008.8,16.6,25.5
10.5,16.4,3.2,61.0,31.0,33.0,54.0,1012.3,1014.6,11.9,15.0
6.8,19.2,0.0,59.0,17.0,39.0,43.0,1013.7,1009.8,11.9,18.4
11.9,19.3,0.0,72.0,37.0,50.0,81.0,1003.7,1004.7,14.7,14.4
6.8,17.3,0.4,46.0,15.0,26.0,60.0,1016.3,1014.9,10.0,15.9
9.9,23.2,0.0,50.0,20.0,28.0,40.0,1016.4,1012.3,15.4,22.9
10.3,23.6,0.0,28.0,13.0,15.0,47.0,1015.6,1013.5,13.6,23.2
10.4,25.3,0.0,30.0,13.0,6.0,29.0,1015.1,1012.8,16.6,24.7
16.3,17.7,0.0,48.0,15.0,11.0,89.0,1006.5,1001.5,16.9,17.4
14.0,18.3,10.2,78.0,20.0,35.0,66.0,996.2,991.7,15.1,17.4
12.3,17.0,3.0,67.0,39.0,33.0,52.0,1009.6,1014.0,13.1,16.5
10.2,16.6,0.0,67.0,19.0,48.0,80.0,1017.7,1014.1,11.8,14.6
11.7,19.1,3.6,54.0,31.0,35.0,72.0,1017.0,1016.4,15.2,18.3
12.2,21.1,0.4,33.0,19.0,15.0,50.0,1022.6,1020.5,13.7,20.7
8.1,22.5,0.0,37.0,11.0,22.0,35.0,1020.6,1017.1,13.2,21.1
9.9,21.0,0.0,44.0,28.0,26.0,47.0,1016.7,1016.4,13.4,19.9
6.0,18.5,0.0,46.0,11.0,28.0,58.0,1017.3,1012.0,11.9,18.2
10.1,17.0,0.0,37.0,15.0,17.0,53.0,1018.9,1018.6,12.5,16.7
10.6,18.9,0.0,39.0,15.0,28.0,48.0,1019.5,1016.7,12.5,17.8
10.9,17.6,0.0,57.0,20.0,31.0,69.0,1017.9,1016.2,12.4,17.4
10.3,17.6,0.2,26.0,7.0,11.0,58.0,1023.6,1022.3,11.4,17.4
9.4,20.1,0.0,31.0,9.0,15.0,59.0,1023.5,1018.7,11.9,19.5
10.1,25.3,0.0,65.0,17.0,28.0,31.0,1014.1,1009.5,12.3,24.5
8.5,16.7,5.0,57.0,20.0,31.0,74.0,1020.9,1020.0,9.8,14.1
9.8,18.0,0.6,26.0,11.0,15.0,60.0,1023.1,1019.4,12.2,17.3
9.8,12.2,0.0,35.0,20.0,19.0,92.0,1013.4,1008.7,11.5,10.7
9.8,14.7,10.0,43.0,20.0,26.0,62.0,1006.9,1006.8,10.9,14.0
5.4,13.7,0.4,46.0,9.0,20.0,83.0,1009.0,1003.9,7.3,13.3
6.5,14.5,4.0,39.0,17.0,24.0,60.0,1013.7,1015.2,8.8,14.0
3.4,12.1,0.0,26.0,0.0,11.0,56.0,1021.6,1020.3,7.4,11.5
4.1,14.6,0.0,39.0,19.0,20.0,55.0,1024.6,1022.9,6.8,14.2
6.7,14.9,0.0,37.0,19.0,15.0,54.0,1028.1,1025.7,7.7,14.2
6.2,16.0,0.0,20.0,13.0,7.0,49.0,1027.4,1025.3,7.9,15.6
4.4,16.3,0.0,30.0,19.0,19.0,60.0,1026.5,1023.4,8.3,15.9
5.0,17.1,0.0,28.0,13.0,17.0,52.0,1024.2,1020.7,9.0,16.9
5.4,16.2,0.0,30.0,4.0,17.0,59.0,1017.0,1011.6,8.8,15.8
5.4,14.2,0.0,31.0,4.0,20.0,61.0,1007.1,1003.6,7.0,13.9
7.0,14.9,0.6,54.0,22.0,39.0,75.0,1001.8,1001.8,10.2,14.0
7.0,14.8,1.4,50.0,31.0,33.0,68.0,1006.9,1006.9,11.5,14.2
7.4,12.4,0.2,33.0,11.0,15.0,95.0,1006.9,1000.9,8.8,11.4
8.8,16.1,7.0,48.0,17.0,26.0,87.0,1002.2,1007.2,10.1,13.5
6.6,15.6,1.0,44.0,19.0,28.0,68.0,1019.3,1018.3,9.8,14.9
4.9,13.2,2.0,46.0,13.0,28.0,61.0,1027.0,1029.5,8.0,12.4
-0.4,13.1,0.6,15.0,0.0,4.0,51.0,1038.5,1036.1,2.2,12.7
1.4,11.9,0.0,30.0,11.0,13.0,56.0,1037.0,1032.8,4.0,11.5
1.4,17.8,0.0,20.0,9.0,13.0,52.0,1035.0,1032.8,4.5,17.4
3.1,15.8,0.0,26.0,0.0,11.0,55.0,1032.7,1028.2,4.8,15.7
4.8,12.0,3.2,35.0,22.0,13.0,93.0,1018.5,1012.3,7.8,11.2
7.7,15.1,4.8,30.0,7.0,9.0,80.0,1011.8,1011.9,11.7,14.9
9.2,13.0,0.4,31.0,17.0,13.0,78.0,1019.4,1019.3,9.8,12.8
3.9,14.7,0.0,26.0,11.0,15.0,64.0,1018.4,1013.7,5.4,14.3
5.4,13.7,0.2,37.0,19.0,28.0,79.0,1009.4,1007.2,10.0,13.1
7.4,14.6,2.4,50.0,24.0,28.0,78.0,1001.5,998.0,8.3,13.5
7.6,14.5,5.2,50.0,20.0,31.0,80.0,1007.3,1007.5,8.8,12.3
7.6,14.4,0.2,78.0,26.0,37.0,80.0,1003.1,998.9,8.7,10.7
3.3,9.5,13.0,72.0,24.0,33.0,58.0,1008.3,1013.1,5.2,9.2
1.0,11.9,0.6,17.0,6.0,6.0,60.0,1024.9,1023.0,3.0,10.5
3.0,9.9,0.0,26.0,7.0,13.0,69.0,1019.3,1016.6,5.3,9.7
2.8,13.4,0.0,28.0,13.0,19.0,56.0,1018.7,1019.2,5.1,12.9
4.3,15.2,0.2,35.0,11.0,20.0,71.0,1025.4,1025.0,6.2,14.6
3.8,14.3,0.2,43.0,9.0,20.0,53.0,1026.5,1021.0,5.1,13.3
5.1,13.7,0.2,67.0,26.0,39.0,78.0,1010.2,1008.9,8.4,10.2
3.2,12.4,4.6,37.0,9.0,20.0,76.0,1023.1,1023.1,5.4,12.2
5.4,16.0,1.8,39.0,9.0,20.0,68.0,1027.6,1026.2,10.6,15.4
7.9,14.5,1.0,48.0,13.0,24.0,57.0,1025.9,1022.1,8.9,13.9
7.8,10.4,0.0,30.0,13.0,17.0,85.0,1015.3,1010.9,8.0,10.0
7.4,12.5,4.2,43.0,13.0,22.0,83.0,1014.1,1014.9,7.9,10.5
6.4,15.0,0.4,43.0,17.0,26.0,70.0,1020.8,1020.8,7.8,14.0
5.6,15.7,0.2,24.0,9.0,6.0,63.0,1023.1,1020.3,7.2,14.9
3.6,13.4,1.6,22.0,7.0,15.0,62.0,1021.9,1021.5,5.1,12.8
0.6,13.4,0.0,24.0,0.0,9.0,70.0,1025.1,1022.1,2.1,12.2
2.1,10.3,1.0,46.0,19.0,19.0,93.0,1016.5,1009.3,8.8,9.8
7.8,14.9,5.4,65.0,30.0,43.0,64.0,1001.9,1001.2,9.3,14.6
7.9,8.6,0.2,80.0,39.0,50.0,73.0,1000.0,1003.2,8.3,7.3
2.9,11.1,6.2,46.0,19.0,28.0,73.0,1022.1,1025.5,4.5,10.3
2.5,12.5,0.2,39.0,13.0,30.0,73.0,1031.8,1030.1,4.9,11.8
4.9,13.5,0.4,28.0,13.0,17.0,61.0,1033.5,1031.7,7.6,12.6
-0.1,13.5,0.0,17.0,6.0,7.0,59.0,1033.2,1030.0,4.0,12.9
2.3,15.4,0.2,24.0,9.0,13.0,57.0,1028.0,1023.3,3.8,13.9
3.7,19.0,0.0,37.0,11.0,20.0,45.0,1020.3,1017.8,9.1,18.2
9.1,13.0,0.2,17.0,0.0,7.0,89.0,1022.1,1021.0,10.3,12.6
8.7,15.8,2.0,28.0,7.0,9.0,72.0,1022.7,1020.3,9.6,15.6
9.6,17.2,1.4,44.0,13.0,20.0,79.0,1015.7,1010.8,11.1,16.5
10.9,15.4,4.6,78.0,28.0,43.0,84.0,1001.0,997.8,13.4,11.7
5.4,11.0,7.2,54.0,19.0,20.0,64.0,1010.3,1012.3,6.5,9.6
2.7,11.8,0.2,65.0,13.0,35.0,83.0,1009.7,1005.0,4.9,8.0
4.9,12.9,5.6,69.0,20.0,50.0,69.0,1012.1,1006.4,6.5,12.4
3.7,10.2,5.2,48.0,22.0,20.0,77.0,1014.4,1010.0,5.9,9.8
5.9,12.6,3.4,50.0,24.0,24.0,59.0,1017.7,1021.3,8.0,11.7
7.6,13.5,0.0,41.0,15.0,24.0,72.0,1026.8,1025.1,9.3,13.1
9.1,12.7,0.0,37.0,22.0,22.0,82.0,1024.3,1021.9,9.6,12.6
7.3,15.1,0.0,39.0,13.0,15.0,67.0,1020.7,1014.8,8.1,14.5
7.5,16.9,4.6,26.0,0.0,9.0,68.0,1017.0,1013.7,8.0,15.8
7.8,13.2,3.2,41.0,17.0,24.0,76.0,1011.5,1011.2,10.6,12.6
2.2,13.6,1.0,44.0,7.0,33.0,71.0,1024.0,1023.4,5.5,12.2
3.9,12.7,0.4,35.0,9.0,20.0,63.0,1028.5,1027.4,6.7,12.2
3.8,12.9,0.0,31.0,13.0,17.0,59.0,1030.8,1028.9,5.7,12.2
1.5,13.3,0.0,20.0,11.0,9.0,60.0,1031.5,1029.4,6.2,12.5
4.0,14.8,0.0,20.0,11.0,9.0,56.0,1028.1,1025.2,7.0,13.8
4.6,15.2,0.0,26.0,9.0,15.0,55.0,1026.5,1023.3,7.8,14.4
5.9,17.8,0.0,39.0,15.0,17.0,46.0,1022.7,1018.0,7.5,17.4
6.8,17.2,0.2,59.0,13.0,20.0,63.0,1012.0,1004.9,10.8,15.7
5.4,13.4,2.0,59.0,24.0,31.0,75.0,1011.6,1009.4,8.2,11.9
2.1,13.2,2.4,30.0,15.0,15.0,62.0,1021.0,1021.0,4.5,12.4
4.4,16.5,0.0,48.0,15.0,31.0,53.0,1021.0,1016.9,8.2,16.0
6.1,14.5,0.4,44.0,11.0,28.0,68.0,1023.3,1022.5,6.9,13.7
6.1,16.2,0.0,30.0,11.0,19.0,58.0,1028.9,1027.6,8.8,15.6
3.0,18.5,0.2,30.0,9.0,15.0,44.0,1030.6,1026.8,8.8,18.3
4.9,20.1,0.0,44.0,15.0,20.0,38.0,1025.0,1020.2,8.5,19.3
8.5,17.0,0.2,31.0,9.0,9.0,69.0,1023.5,1021.2,11.5,16.3
8.6,24.0,0.2,59.0,17.0,31.0,25.0,1014.6,1008.7,12.1,23.8
8.2,13.0,17.2,56.0,24.0,31.0,66.0,1008.5,1008.0,8.2,12.2
4.7,13.6,1.4,50.0,19.0,28.0,62.0,1015.3,1014.8,6.9,13.3
6.8,15.6,0.8,39.0,17.0,20.0,61.0,1016.7,1013.6,9.1,15.1
1.6,14.9,0.0,30.0,0.0,17.0,80.0,1013.7,1012.5,7.4,11.2
1.6,15.5,0.8,26.0,11.0,6.0,50.0,1017.2,1016.2,6.7,14.6
0.8,13.6,0.0,30.0,9.0,9.0,52.0,1016.9,1014.2,5.2,12.6
1.8,13.9,0.0,37.0,15.0,20.0,52.0,1018.1,1017.9,7.2,13.2
0.6,12.6,0.0,26.0,6.0,9.0,57.0,1024.5,1022.2,5.5,12.4
2.0,15.6,0.0,43.0,15.0,26.0,48.0,1023.3,1019.5,8.3,14.9
3.8,20.0,0.0,28.0,11.0,11.0,33.0,1020.8,1017.7,11.1,19.9
6.7,21.0,0.2,39.0,19.0,15.0,36.0,1020.7,1017.4,11.3,20.5
10.5,16.3,2.2,39.0,24.0,17.0,78.0,1015.2,1012.0,10.8,15.3
8.2,16.3,0.8,41.0,22.0,22.0,72.0,1015.9,1015.5,11.6,15.2
7.0,15.8,0.2,17.0,7.0,9.0,62.0,1018.7,1014.7,10.5,15.1
4.4,16.0,0.2,33.0,15.0,13.0,64.0,1012.4,1007.7,8.6,15.1
5.8,14.3,0.0,57.0,13.0,24.0,77.0,1010.9,1010.8,10.1,12.8
3.1,14.4,1.8,33.0,9.0,20.0,75.0,1025.1,1025.9,9.2,13.4
6.9,18.4,0.0,24.0,13.0,11.0,54.0,1030.9,1027.6,11.2,17.9
4.5,20.8,0.0,26.0,9.0,7.0,48.0,1029.2,1026.5,11.3,20.2
6.9,21.9,0.0,35.0,19.0,17.0,43.0,1027.9,1022.2,11.0,21.4
10.3,24.2,0.0,50.0,19.0,19.0,49.0,1018.2,1012.3,15.4,22.1
13.4,17.6,30.8,50.0,24.0,28.0,58.0,1009.7,1010.4,13.6,17.2
5.2,14.8,0.2,37.0,17.0,26.0,61.0,1019.7,1018.6,10.4,13.8
9.0,14.3,0.0,30.0,15.0,17.0,65.0,1020.6,1018.2,11.2,13.9
7.9,13.5,0.2,30.0,13.0,13.0,91.0,1021.0,1019.6,10.9,10.7
7.4,11.7,14.4,33.0,24.0,7.0,94.0,1016.0,1012.1,8.6,11.3
7.4,11.7,15.6,39.0,13.0,17.0,88.0,1004.4,1001.1,8.3,9.7
6.0,13.8,6.0,44.0,28.0,26.0,78.0,1011.9,1012.6,10.4,12.8
3.8,15.9,0.2,31.0,15.0,20.0,55.0,1018.7,1016.5,8.1,15.2
7.6,20.7,0.0,37.0,15.0,19.0,45.0,1016.7,1012.2,12.9,19.6
6.4,13.6,0.0,50.0,33.0,31.0,63.0,1013.5,1012.3,9.8,11.7
1.6,15.7,0.2,26.0,7.0,11.0,56.0,1015.2,1010.8,7.7,14.6
6.4,20.2,0.0,35.0,13.0,19.0,48.0,1012.3,1007.9,11.8,19.4
10.3,14.1,0.4,48.0,13.0,31.0,89.0,1011.2,1012.3,11.1,11.6
6.0,14.9,0.6,39.0,28.0,20.0,53.0,1020.4,1018.4,9.0,13.9
1.7,16.5,0.0,30.0,20.0,13.0,55.0,1017.0,1011.2,9.5,15.7
6.9,16.5,0.0,37.0,17.0,17.0,84.0,1007.4,1005.4,12.5,14.0
3.4,15.1,6.6,39.0,13.0,17.0,58.0,1014.1,1012.2,10.3,14.6
5.7,17.4,0.0,54.0,13.0,15.0,72.0,1013.0,1009.2,12.2,13.0
4.1,15.7,3.2,43.0,19.0,24.0,59.0,1014.6,1013.2,10.7,14.4
5.2,19.0,0.0,56.0,13.0,24.0,46.0,1010.1,999.1,12.8,17.6
5.5,10.7,11.0,46.0,24.0,20.0,92.0,986.9,982.6,8.7,9.9
4.6,13.7,1.8,65.0,19.0,44.0,90.0,995.9,996.1,8.9,12.9
8.6,16.1,8.4,46.0,26.0,20.0,56.0,1006.8,1005.8,11.7,15.1
9.4,20.2,0.0,46.0,17.0,9.0,70.0,998.5,995.6,13.1,16.3
6.2,14.2,2.4,72.0,31.0,50.0,62.0,996.9,998.5,8.7,13.7
8.0,15.1,6.4,83.0,30.0,50.0,56.0,1002.1,1005.7,11.3,14.1
5.1,17.3,3.2,54.0,24.0,35.0,62.0,1016.1,1016.3,8.7,16.0
8.7,27.5,0.0,50.0,13.0,30.0,33.0,1017.6,1014.5,13.3,26.7
12.6,21.9,0.2,35.0,15.0,17.0,61.0,1014.1,1013.6,14.7,19.9
4.3,19.1,0.0,26.0,13.0,11.0,42.0,1022.4,1019.7,9.3,17.7
9.2,26.6,0.0,72.0,19.0,44.0,47.0,1007.6,1002.6,13.5,25.0
9.2,14.9,0.0,74.0,26.0,39.0,48.0,1011.6,1012.2,10.1,13.6
4.4,14.7,1.4,48.0,20.0,26.0,56.0,1019.6,1019.7,9.2,13.7
6.2,16.9,0.4,43.0,20.0,19.0,72.0,1020.3,1019.6,9.8,15.0
2.0,17.5,0.2,24.0,11.0,15.0,42.0,1026.5,1024.6,7.2,16.4
4.5,23.3,0.0,30.0,15.0,17.0,30.0,1024.3,1020.3,10.4,21.6
9.0,27.3,0.0,56.0,17.0,28.0,21.0,1015.5,1009.2,15.0,25.0
14.1,16.3,0.0,43.0,19.0,20.0,93.0,1002.9,1003.3,15.7,10.9
4.8,16.4,12.6,59.0,17.0,33.0,51.0,1011.0,1010.5,9.6,15.5
8.1,14.1,4.0,70.0,20.0,28.0,65.0,1011.5,1012.6,10.8,13.8
2.7,16.7,2.8,28.0,9.0,13.0,37.0,1021.5,1020.0,7.5,15.0
6.8,26.5,0.0,52.0,15.0,28.0,27.0,1016.4,1011.7,11.3,25.1
10.7,14.1,1.0,54.0,19.0,22.0,76.0,1013.9,1014.0,10.7,12.4
2.6,14.4,15.6,56.0,26.0,28.0,51.0,1023.4,1024.1,8.0,13.1
1.5,15.9,0.0,37.0,17.0,17.0,46.0,1028.1,1025.9,8.3,14.9
2.1,20.5,0.0,28.0,15.0,13.0,38.0,1023.6,1018.8,9.7,18.2
9.0,27.9,0.0,54.0,20.0,30.0,19.0,1012.9,1009.4,15.7,27.8
12.5,19.1,0.0,59.0,26.0,28.0,48.0,1011.9,1013.7,15.7,18.2
5.0,18.9,0.0,35.0,19.0,15.0,36.0,1021.6,1019.4,11.2,18.2
3.4,21.4,0.0,31.0,7.0,13.0,31.0,1020.0,1017.4,11.9,19.7
6.4,27.8,0.0,35.0,20.0,17.0,21.0,1017.2,1010.7,13.9,26.5
13.8,20.7,0.0,91.0,33.0,65.0,52.0,1003.7,1005.3,17.1,15.6
3.4,17.5,0.4,52.0,19.0,31.0,43.0,1015.5,1014.4,9.8,16.3
5.1,16.4,0.0,57.0,20.0,24.0,74.0,1013.4,1012.5,12.1,15.0
6.4,17.4,2.2,43.0,17.0,28.0,55.0,1017.9,1017.5,12.0,15.9
4.2,22.7,0.0,39.0,9.0,20.0,38.0,1020.1,1017.4,11.2,21.0
6.2,28.0,0.0,65.0,15.0,44.0,22.0,1012.0,1008.3,18.2,26.5
7.8,20.4,0.0,56.0,39.0,28.0,34.0,1015.7,1015.2,12.2,18.7
9.4,21.7,0.0,39.0,19.0,22.0,52.0,1014.9,1011.8,13.0,19.7
11.9,23.4,0.0,54.0,24.0,17.0,33.0,1002.9,1003.5,18.4,22.3
4.5,20.1,0.0,41.0,24.0,24.0,39.0,1012.2,1010.9,11.7,18.4
5.2,22.5,0.0,31.0,11.0,9.0,36.0,1013.9,1010.3,12.5,21.4
6.0,24.3,0.0,28.0,17.0,7.0,36.0,1012.3,1009.9,14.3,22.8
8.0,30.6,0.0,67.0,20.0,13.0,19.0,1009.8,1002.9,15.1,30.2
14.5,20.5,8.2,76.0,39.0,50.0,54.0,999.0,999.0,15.9,17.6
10.1,14.5,1.0,69.0,43.0,44.0,78.0,997.8,1002.1,11.3,13.1
9.4,18.2,1.4,48.0,30.0,24.0,62.0,1014.3,1015.9,13.0,15.6
7.6,20.0,0.0,35.0,19.0,22.0,48.0,1021.8,1020.5,12.3,18.6
6.5,27.1,0.0,28.0,9.0,11.0,32.0,1023.8,1020.6,13.0,25.3
12.1,34.0,0.0,57.0,11.0,30.0,14.0,1017.3,1013.5,21.7,33.1
12.6,23.6,0.0,35.0,15.0,15.0,43.0,1015.6,1016.6,17.8,20.2
7.6,29.6,0.0,28.0,9.0,7.0,25.0,1019.8,1016.9,14.1,27.8
13.8,36.3,0.0,31.0,20.0,11.0,16.0,1015.9,1011.1,21.4,34.7
21.4,38.1,0.0,81.0,13.0,28.0,26.0,1007.7,1005.1,26.9,34.2
12.2,19.7,0.8,39.0,19.0,19.0,48.0,1015.7,1014.7,13.0,17.4
6.1,20.6,0.0,61.0,26.0,31.0,32.0,1018.5,1017.8,12.1,18.9
4.9,21.8,0.0,50.0,19.0,26.0,30.0,1021.6,1018.0,13.3,20.1
7.8,21.8,0.0,46.0,28.0,22.0,34.0,1020.5,1019.7,14.2,20.9
7.2,23.3,0.0,46.0,22.0,24.0,35.0,1023.1,1020.5,12.6,21.4
4.9,25.7,0.0,35.0,19.0,17.0,30.0,1020.7,1016.9,12.8,23.3
6.0,28.9,0.0,44.0,13.0,20.0,20.0,1015.7,1012.5,15.4,26.7
9.0,30.0,0.0,39.0,9.0,22.0,16.0,1011.8,1008.7,18.6,29.2
9.1,24.5,0.0,39.0,19.0,15.0,39.0,1009.9,1008.0,14.6,23.0
7.1,27.6,0.0,43.0,7.0,17.0,22.0,1009.3,1005.8,14.6,26.1
7.8,24.9,0.0,39.0,13.0,20.0,32.0,1012.5,1012.4,15.4,22.6
5.8,30.7,0.0,43.0,15.0,9.0,19.0,1015.0,1011.9,16.0,28.1
14.5,32.5,0.0,59.0,11.0,22.0,75.0,1008.2,1009.1,23.6,21.0
12.6,24.6,2.0,41.0,28.0,15.0,35.0,1012.2,1011.6,15.4,22.5
10.4,24.9,0.0,35.0,19.0,17.0,29.0,1014.9,1013.5,13.1,22.2
6.5,30.6,0.0,46.0,13.0,24.0,27.0,1014.7,1010.4,17.1,27.6
14.0,21.0,5.4,87.0,39.0,56.0,39.0,1001.4,1003.9,15.1,20.1
7.5,20.8,0.2,44.0,30.0,28.0,36.0,1019.1,1019.5,12.7,20.0
5.6,25.1,0.0,35.0,11.0,11.0,33.0,1024.2,1021.6,13.6,22.7
7.4,28.2,0.0,35.0,17.0,15.0,25.0,1023.9,1020.2,15.6,26.1
12.1,36.5,0.0,48.0,13.0,22.0,8.0,1018.2,1014.2,21.0,34.2
19.5,37.8,0.0,67.0,19.0,41.0,11.0,1008.7,1004.9,26.9,35.9
13.8,23.5,0.0,44.0,22.0,17.0,35.0,1013.3,1013.6,15.5,21.2
5.2,25.8,0.0,41.0,15.0,17.0,21.0,1018.6,1014.1,13.0,22.7
7.4,30.7,0.0,41.0,13.0,7.0,15.0,1010.6,1006.1,17.3,28.5
10.7,22.0,0.0,65.0,30.0,41.0,26.0,1011.2,1014.0,16.6,21.0
5.3,24.7,0.0,28.0,11.0,13.0,21.0,1023.3,1019.6,13.2,22.1
10.6,34.5,0.0,54.0,15.0,24.0,10.0,1013.4,1007.7,19.4,33.0
12.8,25.0,2.2,54.0,37.0,28.0,29.0,1010.2,1010.0,15.1,24.1
9.4,26.1,0.0,43.0,24.0,24.0,38.0,1017.6,1017.2,16.0,23.1
8.1,31.4,0.0,28.0,9.0,13.0,24.0,1019.1,1014.7,15.5,28.6
15.4,36.4,0.0,39.0,11.0,20.0,14.0,1013.5,1009.7,23.1,34.1
15.6,35.1,0.0,46.0,20.0,24.0,19.0,1011.6,1010.1,21.6,33.7
14.1,39.6,0.0,41.0,9.0,19.0,8.0,1010.8,1007.1,26.4,37.8
21.7,25.2,0.0,39.0,28.0,17.0,48.0,1008.4,1008.5,24.5,24.9
19.4,32.6,0.4,57.0,22.0,35.0,44.0,1008.6,1004.5,22.9,30.4
20.5,36.1,11.0,70.0,22.0,41.0,40.0,997.4,999.1,21.8,33.9
18.8,30.9,0.2,41.0,24.0,7.0,43.0,1004.8,1002.3,20.7,27.4
15.1,26.9,10.6,52.0,26.0,33.0,39.0,1002.8,1002.8,18.8,26.0
12.7,27.9,0.0,39.0,19.0,22.0,37.0,1007.1,1005.5,17.4,25.5
14.7,24.8,0.0,48.0,17.0,24.0,48.0,1008.5,1008.7,16.7,23.5
13.3,26.3,0.0,46.0,28.0,26.0,36.0,1018.1,1017.0,14.8,24.7
9.4,30.6,0.0,39.0,22.0,20.0,20.0,1019.7,1016.1,16.1,27.7
12.5,35.0,0.0,33.0,22.0,9.0,22.0,1016.5,1013.3,20.3,33.7
18.6,37.8,0.0,41.0,19.0,7.0,22.0,1013.8,1010.8,26.7,35.4
20.0,38.8,0.0,35.0,20.0,13.0,16.0,1013.5,1011.0,26.4,37.2
21.7,40.5,0.0,41.0,20.0,17.0,16.0,1010.8,1005.2,29.2,38.4
21.8,33.2,0.0,41.0,20.0,24.0,24.0,1007.5,1007.5,22.4,32.7
15.3,28.2,0.0,35.0,6.0,7.0,63.0,1012.4,1011.4,17.2,21.1
12.8,32.5,0.4,43.0,4.0,24.0,32.0,1011.7,1008.8,20.4,30.7
12.1,28.4,0.0,43.0,22.0,26.0,42.0,1012.8,1011.5,17.9,25.0
9.6,34.3,0.0,24.0,15.0,6.0,15.0,1012.3,1007.9,17.0,31.5
17.0,28.4,0.0,63.0,19.0,30.0,90.0,998.6,1000.8,26.9,20.2
12.6,23.3,4.6,61.0,31.0,31.0,45.0,1011.1,1013.7,17.2,21.0
8.3,28.4,0.2,33.0,11.0,22.0,31.0,1019.4,1016.9,15.2,24.9
11.3,36.0,0.0,39.0,13.0,19.0,14.0,1015.0,1011.2,19.7,33.2
16.3,41.7,0.0,56.0,9.0,31.0,7.0,1008.8,1004.8,28.3,40.4
15.9,27.8,0.0,46.0,30.0,22.0,31.0,1014.3,1013.7,16.3,24.5
9.1,29.2,0.0,37.0,24.0,11.0,19.0,1012.0,1006.8,16.3,28.3
15.0,23.7,17.4,74.0,31.0,31.0,49.0,999.5,1004.4,16.4,22.2
9.1,28.3,0.0,37.0,11.0,11.0,30.0,1015.5,1013.6,14.9,25.5
14.2,34.0,0.0,31.0,20.0,9.0,18.0,1014.2,1010.8,19.8,31.3
19.7,38.1,0.0,57.0,13.0,31.0,16.0,1005.8,1002.4,27.0,36.1
15.1,26.4,0.6,48.0,31.0,24.0,32.0,1014.4,1015.7,17.7,24.4
9.5,28.1,0.0,43.0,9.0,19.0,19.0,1020.6,1017.7,14.7,25.3
9.7,28.7,0.0,39.0,28.0,17.0,39.0,1019.6,1017.2,16.0,25.9
9.1,32.2,0.0,28.0,13.0,6.0,20.0,1016.7,1013.6,15.8,29.8
14.2,33.4,0.0,41.0,6.0,20.0,23.0,1014.0,1013.4,23.0,31.8
11.7,36.4,0.0,39.0,13.0,22.0,12.0,1016.1,1012.9,20.4,34.2
20.4,30.2,0.0,50.0,17.0,31.0,54.0,1005.6,1007.4,28.3,30.0
12.8,27.0,0.0,39.0,24.0,19.0,31.0,1015.2,1013.9,16.0,24.1
10.5,22.2,0.0,35.0,11.0,13.0,38.0,1015.5,1013.9,15.2,21.5
11.8,26.9,0.0,39.0,17.0,20.0,33.0,1017.9,1015.7,16.2,25.3
8.7,30.6,0.0,26.0,7.0,15.0,24.0,1016.8,1013.6,15.1,27.7
14.4,36.7,0.0,54.0,13.0,28.0,14.0,1010.4,1007.0,21.0,36.0
19.2,29.6,0.4,54.0,9.0,39.0,53.0,1008.2,1006.4,21.6,28.3
15.1,18.9,18.4,41.0,20.0,17.0,77.0,1013.9,1015.3,15.2,17.4
7.6,30.0,0.2,39.0,26.0,17.0,29.0,1019.9,1017.0,13.4,26.4
13.4,39.8,0.0,43.0,28.0,13.0,30.0,1015.2,1011.3,22.4,38.2
22.4,43.5,0.0,59.0,9.0,41.0,15.0,1008.4,1005.9,30.1,43.1
18.8,40.7,0.0,35.0,13.0,17.0,26.0,1010.5,1007.4,24.1,38.6
21.1,32.2,0.0,50.0,7.0,26.0,35.0,1007.9,1007.9,24.1,29.9
13.4,22.5,0.0,61.0,20.0,39.0,29.0,1011.5,1012.0,14.2,21.2
11.8,24.6,0.2,46.0,30.0,28.0,45.0,1015.7,1015.3,15.3,22.6
13.8,27.8,0.0,33.0,15.0,13.0,29.0,1020.1,1017.1,15.1,24.4
14.9,34.8,0.0,57.0,15.0,30.0,15.0,1011.9,1007.3,18.9,33.3
15.5,28.0,0.0,48.0,9.0,24.0,43.0,1011.3,1009.1,18.4,24.6
8.7,25.0,0.0,52.0,11.0,30.0,48.0,1011.4,1010.2,14.8,20.9
9.9,20.7,0.0,50.0,19.0,22.0,43.0,1013.2,1012.8,13.4,18.0
8.4,21.3,0.0,61.0,26.0,28.0,48.0,1013.4,1010.9,11.3,18.4
6.5,22.8,0.0,39.0,15.0,22.0,33.0,1016.7,1015.4,12.2,20.3
6.1,28.0,0.0,30.0,17.0,13.0,21.0,1020.6,1017.6,13.7,25.5
13.7,36.3,0.0,69.0,19.0,37.0,10.0,1012.4,1007.5,20.8,34.7
14.8,26.2,0.0,41.0,24.0,15.0,45.0,1018.0,1018.8,17.0,23.8
9.0,26.4,0.0,44.0,19.0,22.0,32.0,1025.0,1023.0,14.0,24.0
8.2,25.3,0.0,48.0,20.0,24.0,30.0,1024.3,1021.3,13.2,23.3
7.3,31.2,0.0,28.0,13.0,9.0,23.0,1019.8,1017.4,12.7,29.0
12.6,35.7,0.0,35.0,20.0,13.0,21.0,1020.0,1018.2,22.3,33.4
17.6,35.6,0.0,46.0,19.0,13.0,18.0,1020.0,1018.0,23.1,33.7
18.1,36.0,0.0,33.0,20.0,13.0,16.0,1020.1,1017.7,23.7,34.7
16.4,36.4,0.0,43.0,13.0,11.0,16.0,1018.4,1016.6,24.9,35.0
14.8,33.5,0.0,35.0,22.0,20.0,23.0,1020.1,1017.7,18.3,31.8
12.8,33.5,0.0,35.0,17.0,11.0,23.0,1016.4,1013.5,20.1,32.6
14.5,31.9,0.0,52.0,19.0,17.0,34.0,1014.2,1012.7,17.1,30.5
12.4,29.9,0.0,35.0,19.0,13.0,30.0,1016.5,1014.3,15.9,27.5
14.9,31.8,0.0,43.0,26.0,15.0,23.0,1016.8,1014.3,18.3,30.6
16.0,33.9,0.0,35.0,24.0,15.0,19.0,1015.9,1013.7,19.4,31.9
17.0,34.6,0.0,37.0,13.0,19.0,17.0,1016.3,1014.5,22.1,33.2
12.7,33.1,0.0,28.0,19.0,13.0,26.0,1016.4,1014.5,15.3,30.6
14.4,29.3,0.0,44.0,19.0,20.0,29.0,1010.7,1009.5,19.8,27.8
13.5,24.5,0.4,52.0,17.0,20.0,46.0,1003.4,1002.6,16.2,23.3
12.3,28.8,1.6,43.0,17.0,22.0,35.0,1012.6,1012.6,15.9,27.6
15.4,33.1,0.2,41.0,24.0,26.0,29.0,1017.2,1014.9,19.4,31.4
18.9,34.3,0.0,44.0,22.0,19.0,28.0,1014.2,1010.0,22.0,32.0
17.2,25.2,0.0,54.0,24.0,30.0,32.0,1011.4,1013.0,18.1,24.4
6.7,26.8,0.0,35.0,13.0,9.0,29.0,1022.8,1021.9,10.6,23.5
10.6,33.5,0.0,35.0,20.0,13.0,28.0,1023.2,1020.7,15.9,30.9
15.8,34.2,0.0,26.0,9.0,11.0,25.0,1018.7,1014.7,22.1,32.3
18.9,30.8,0.0,54.0,15.0,35.0,52.0,1013.6,1011.7,21.9,28.9
20.9,26.2,0.0,52.0,17.0,15.0,76.0,1011.2,1010.3,21.3,22.6
17.0,24.9,11.4,52.0,24.0,37.0,55.0,1015.2,1015.3,18.0,23.5
12.5,27.9,0.0,41.0,17.0,19.0,45.0,1018.0,1016.4,15.6,26.2
14.8,28.8,0.0,33.0,24.0,17.0,39.0,1017.2,1014.1,17.1,27.2
17.1,32.2,0.0,44.0,6.0,28.0,33.0,1012.1,1010.7,21.9,31.0
13.7,29.6,0.0,20.0,11.0,6.0,39.0,1014.3,1012.0,15.5,27.8
15.5,24.0,0.0,65.0,41.0,35.0,45.0,1007.2,1012.3,23.9,22.3
9.4,24.8,0.6,41.0,9.0,22.0,39.0,1015.1,1012.7,12.5,22.7
10.6,25.0,0.0,65.0,13.0,31.0,41.0,1010.2,1007.1,14.1,23.6
6.1,19.1,0.2,50.0,11.0,39.0,51.0,1019.5,1019.9,8.8,16.0
3.4,19.5,0.2,43.0,4.0,22.0,36.0,1024.2,1020.7,5.9,18.4
5.9,19.4,0.0,46.0,13.0,20.0,46.0,1022.8,1023.5,12.0,17.9
9.8,19.7,0.2,42.542437779195915,20.0,26.0,40.0,1030.4,1028.0,13.8,17.5
4.3,23.4,0.0,37.0,19.0,11.0,30.0,1030.3,1026.6,12.7,22.4
10.5,26.6,0.0,30.0,19.0,9.0,27.0,1028.6,1024.7,15.6,24.8
9.7,26.0,0.0,31.0,15.0,17.0,24.0,1025.1,1020.5,17.1,24.1
10.2,27.8,0.0,30.0,6.0,9.0,22.0,1022.8,1019.8,16.4,26.4
13.4,29.0,0.0,43.0,15.0,19.0,18.0,1022.5,1018.0,18.7,28.0
15.0,30.5,0.0,57.0,19.0,35.0,20.0,1017.1,1010.9,22.4,29.3
8.9,14.9,2.2,81.0,37.0,50.0,50.0,1012.2,1013.4,9.6,13.2
7.4,18.0,1.2,54.0,35.0,31.0,43.0,1020.5,1021.0,12.5,16.5
8.7,21.5,0.0,37.0,15.0,24.0,48.0,1025.7,1023.2,12.4,19.8
5.2,23.0,0.0,22.0,9.0,6.0,40.0,1026.0,1022.6,12.1,22.3
7.4,26.3,0.0,33.0,7.0,19.0,26.0,1024.9,1021.7,15.4,25.6
7.4,23.1,0.0,28.0,6.0,11.0,41.0,1025.4,1022.0,11.8,22.6
6.6,22.7,0.0,26.0,9.0,6.0,37.0,1022.4,1018.4,13.8,22.0
7.7,21.9,0.0,41.0,15.0,22.0,41.0,1019.8,1018.5,14.3,21.1
4.9,24.7,0.0,30.0,22.0,11.0,28.0,1022.3,1020.3,15.1,24.1
7.0,27.2,0.0,35.0,13.0,22.0,14.0,1026.3,1023.3,15.2,26.8
12.1,30.2,0.0,39.0,26.0,15.0,22.0,1024.9,1021.3,16.4,28.5
16.3,21.0,0.0,31.0,19.0,19.0,93.0,1022.5,1020.5,19.6,15.9
15.7,20.4,22.6,26.0,7.0,17.0,79.0,1020.7,1019.5,16.6,19.6
12.4,21.9,0.2,20.0,11.0,11.0,53.0,1024.1,1022.0,13.7,20.3
11.4,23.2,0.2,26.0,17.0,9.0,50.0,1024.4,1021.1,15.3,22.6
12.9,22.3,0.6,31.0,15.0,7.0,63.0,1018.7,1013.2,14.6,21.8
14.3,19.4,9.6,52.0,17.0,13.0,75.0,1011.2,1008.5,15.0,17.4
7.1,14.7,3.8,72.0,30.0,35.0,60.0,1015.0,1018.5,9.0,11.4
5.5,15.3,0.0,41.0,17.0,22.0,63.0,1026.3,1024.5,9.3,14.2
9.2,18.9,0.2,39.0,13.0,24.0,86.0,1026.4,1024.4,12.1,15.6
12.0,18.4,0.0,30.0,15.0,17.0,67.0,1025.2,1023.1,13.9,18.2
13.1,17.5,0.2,26.0,13.0,13.0,61.0,1023.2,1019.2,14.9,17.3
12.4,19.6,0.0,48.0,20.0,26.0,92.0,1015.8,1015.1,14.8,13.6
5.9,16.2,2.2,41.0,15.0,20.0,56.0,1022.9,1023.3,9.8,14.9
6.4,15.5,0.0,37.0,9.0,9.0,43.0,1031.6,1029.3,9.9,15.3
1.6,16.7,0.0,22.0,6.0,9.0,45.0,1031.8,1028.5,7.1,15.9
2.7,19.2,0.0,28.0,11.0,13.0,41.0,1027.6,1022.9,7.8,18.7
6.9,17.7,0.0,54.0,19.0,33.0,50.0,1020.8,1021.5,11.1,17.4
3.6,16.8,0.0,35.0,9.0,19.0,44.0,1031.9,1030.6,7.3,15.3
2.5,16.5,0.0,30.0,9.0,15.0,51.0,1033.5,1030.3,9.9,16.1
5.6,16.7,0.0,37.0,11.0,13.0,50.0,1030.2,1026.8,10.6,16.3
2.1,19.2,0.0,22.0,9.0,11.0,40.0,1027.1,1023.9,9.3,18.7
3.0,18.9,0.0,19.0,6.0,6.0,44.0,1026.3,1024.0,6.8,18.1
2.2,18.1,0.0,24.0,0.0,19.0,59.0,1025.9,1023.1,8.5,17.5
6.2,18.2,0.0,26.0,15.0,9.0,47.0,1024.6,1021.9,10.4,17.3
3.6,16.4,0.0,28.0,11.0,13.0,41.0,1024.2,1021.4,9.1,16.0
1.3,17.4,0.0,20.0,6.0,4.0,41.0,1021.8,1018.2,5.7,16.8
2.9,18.5,0.0,43.0,13.0,13.0,41.0,1018.7,1014.2,8.8,18.4
8.8,13.1,7.8,46.0,24.0,22.0,88.0,1016.3,1015.3,10.2,11.4
10.1,15.7,5.2,37.0,28.0,7.0,71.0,1020.4,1019.2,11.6,15.5
11.6,14.4,20.0,26.0,11.0,11.0,87.0,1017.5,1014.5,11.8,14.3
10.8,18.3,8.0,26.0,9.0,13.0,69.0,1016.0,1015.1,11.0,18.1
10.5,21.4,0.0,28.0,7.0,15.0,42.0,1019.4,1017.6,13.0,21.3
10.2,21.2,0.0,41.0,19.0,17.0,50.0,1019.5,1015.3,12.4,20.2
11.6,18.5,5.0,46.0,11.0,20.0,55.0,1017.8,1014.0,12.0,18.4
9.6,17.2,0.8,41.0,17.0,26.0,63.0,1018.2,1019.1,12.1,16.1
11.6,18.0,0.0,44.0,13.0,26.0,66.0,1021.6,1019.5,12.7,17.0
7.5,17.3,0.0,24.0,0.0,13.0,66.0,1023.0,1019.4,10.3,16.8
9.8,17.4,0.2,50.0,24.0,17.0,63.0,1015.9,1010.3,12.1,16.7
7.2,12.5,10.4,54.0,30.0,31.0,67.0,1011.0,1011.2,8.5,11.8
3.2,13.9,3.0,31.0,11.0,22.0,65.0,1021.3,1020.0,5.0,13.6
5.0,13.2,1.4,43.0,17.0,28.0,52.0,1025.2,1026.5,9.0,12.8
1.5,13.3,0.0,41.0,6.0,17.0,54.0,1035.4,1034.4,4.0,12.3
0.1,13.2,0.0,20.0,6.0,7.0,57.0,1038.4,1036.3,3.9,12.3
-0.1,13.2,0.0,20.0,0.0,9.0,54.0,1037.6,1035.2,3.4,12.6
-0.6,14.6,0.2,20.0,7.0,6.0,52.0,1034.7,1031.2,4.5,14.3
-0.8,15.0,0.0,19.0,0.0,9.0,49.0,1030.1,1026.7,1.1,14.5
1.1,16.9,0.2,46.0,11.0,24.0,64.0,1027.2,1023.9,9.3,16.4
5.1,13.6,0.2,41.0,15.0,22.0,55.0,1030.0,1029.3,7.9,13.2
0.2,13.7,0.2,26.0,2.0,17.0,55.0,1031.5,1028.7,2.7,13.4
-0.5,14.0,0.0,28.0,2.0,17.0,92.0,1030.1,1029.0,0.6,12.1
0.6,14.7,0.4,39.0,7.0,24.0,67.0,1034.5,1033.0,6.9,13.4
2.8,13.9,0.2,19.0,11.0,9.0,65.0,1034.9,1032.1,4.6,13.6
0.4,14.5,0.2,31.0,4.0,20.0,61.0,1030.3,1027.0,3.1,14.3
3.1,16.6,0.2,43.0,11.0,24.0,72.0,1029.2,1027.3,9.8,15.6
4.9,17.0,0.2,15.0,6.0,4.0,60.0,1031.8,1029.2,7.8,15.9
2.4,17.2,0.0,26.0,9.0,13.0,58.0,1029.5,1027.1,6.7,16.4
6.7,16.9,0.2,26.0,11.0,15.0,56.0,1027.7,1025.2,9.6,16.4
7.7,14.2,0.0,19.0,6.0,4.0,69.0,1026.2,1023.9,9.2,13.8
7.6,16.2,0.0,20.0,7.0,11.0,63.0,1026.4,1025.1,7.8,15.7
5.4,16.8,0.0,20.0,6.0,13.0,61.0,1030.5,1029.6,6.7,16.3
6.1,15.5,0.2,17.0,2.0,7.0,61.0,1032.7,1029.9,9.0,15.2
2.1,16.8,0.2,37.0,13.0,22.0,55.0,1028.4,1025.7,7.2,16.5
4.1,13.1,0.0,15.0,0.0,7.0,85.0,1028.8,1028.1,8.5,12.1
7.3,16.2,0.0,24.0,4.0,13.0,56.0,1027.9,1024.0,7.6,15.1
4.4,16.9,0.0,33.0,9.0,22.0,47.0,1018.8,1015.9,5.3,16.2
4.9,13.0,0.2,19.0,6.0,7.0,61.0,1020.2,1018.5,7.1,12.3
4.7,14.3,0.0,41.0,6.0,26.0,61.0,1018.6,1017.3,7.4,14.0
