MinTemp,MaxTemp,Rainfall,Humidity3pm,Pressure3pm
17.9,28.1,0.0,69.0,1001.7
19.1,23.8,0.0,62.0,1012.8
17.1,23.0,0.0,62.0,1019.1
19.7,25.0,0.0,68.0,1015.2
18.5,25.9,0.0,73.0,1009.0
19.8,26.5,0.0,80.0,1008.7
20.0,27.7,0.0,82.0,1006.3
20.4,22.3,0.0,81.0,1012.3
17.5,22.8,2.8,59.0,1018.3
18.4,25.6,0.0,51.0,1013.8
19.6,27.3,0.0,66.0,1011.6
19.0,26.2,1.0,67.52119784656797,1016.0133310946945
20.1,27.8,0.2,66.0,1016.9
19.8,26.7,0.0,69.0,1011.5
20.2,27.7,0.0,67.52119784656797,1016.0133310946945
19.0,24.7,10.4,69.0,1009.5
18.0,21.1,1.2,63.0,1019.8
14.5,23.8,0.0,54.0,1020.1
17.2,26.2,0.0,67.0,1015.5
18.9,26.7,0.0,71.0,1010.7
21.1,27.6,0.0,71.0,1008.3
21.3,29.2,2.0,67.52119784656797,1016.0133310946945
21.7,33.2,0.0,67.0,1007.9
21.7,40.4,0.0,30.0,1002.9
20.4,23.8,0.0,68.0,1018.1
19.8,23.4,0.4,84.0,1018.4
15.355480833893745,26.1,0.0,67.52119784656797,1019.6
20.1,28.1,0.2,70.0,1016.3
20.9,29.6,0.2,75.0,1016.3
20.9,29.3,0.2,72.0,1015.5
20.3,29.0,0.0,71.0,1014.3
19.7,26.8,0.2,71.0,1015.0
21.1,29.0,0.0,73.0,1012.4
19.8,26.9,0.0,70.0,1009.2
21.2,26.1,0.0,82.0,1009.4
20.6,28.7,2.0,74.0,1006.4
20.5,28.7,0.0,73.0,1009.0
20.3,25.1,0.0,71.0,1011.1
18.2,24.8,0.0,73.0,1007.8
18.5,21.4,0.0,85.0,1011.0
18.3,19.4,7.4,95.0,1009.0
16.7,21.5,13.8,82.0,1010.3
16.5,20.5,13.8,91.0,1018.0
16.6,21.1,16.0,77.0,1023.1
16.9,20.4,14.2,84.0,1017.4
16.2,21.7,26.6,90.0,1012.8
18.1,23.3,19.2,73.0,1016.4
19.1,22.0,2.2,84.0,1013.9
18.8,24.1,23.6,82.0,1008.2
19.5,28.8,0.0,75.0,1005.3
20.8,27.8,0.0,76.0,1010.2
21.4,24.8,0.0,75.0,1012.4
21.1,25.8,0.0,66.0,1017.3
20.1,27.7,0.0,76.0,1013.5
21.1,29.4,1.6,72.0,1012.6
21.8,27.0,0.0,73.0,1014.3
20.9,23.6,0.0,70.0,1018.1
18.4,23.8,0.2,59.0,1015.7
17.6,26.8,0.0,68.0,1007.1
21.4,26.0,0.0,68.0,1010.7
21.8,26.2,0.0,62.0,1015.2
22.0,29.0,0.0,66.0,1015.1
21.7,25.5,0.0,67.0,1008.3
15.2,23.0,0.0,44.0,1008.9
15.3,23.7,0.0,57.0,1011.5
17.3,25.5,0.0,73.0,1011.7
20.0,26.2,0.0,66.0,1017.5
21.7,25.4,0.0,65.0,1020.0
21.4,25.2,0.0,59.0,1021.0
19.9,24.1,3.6,71.0,1021.9
20.2,27.8,0.0,65.0,1020.2
19.4,27.2,0.0,70.0,1016.0
20.0,25.3,0.0,80.0,1011.7
18.6,27.4,2.2,73.0,1007.8
18.1,22.9,7.6,44.0,1008.8
15.4,24.0,0.0,49.0,1012.3
18.0,26.9,0.0,59.0,1016.4
17.4,26.5,0.0,73.0,1014.1
19.4,26.4,0.2,73.0,1016.3
20.5,25.9,0.2,68.0,1017.0
18.6,26.5,0.4,71.0,1015.3
18.5,27.2,0.0,68.0,1015.5
19.0,25.9,0.0,74.0,1016.5
19.0,26.9,0.0,73.0,1017.7
18.9,27.1,0.0,78.0,1016.7
19.9,22.8,17.8,78.0,1023.2
17.5,24.4,0.6,54.0,1023.1
17.6,24.4,0.0,75.0,1021.6
19.2,23.6,0.0,79.0,1020.7
18.5,22.2,17.0,85.0,1017.6
20.2,22.9,8.2,86.0,1019.4
19.7,24.0,29.8,85.0,1021.2
20.2,25.3,2.2,84.0,1016.8
20.2,21.7,0.8,77.0,1018.2
17.3,23.6,0.8,74.0,1015.1
16.9,21.0,0.0,72.0,1018.6
16.8,20.9,7.6,70.0,1023.6
14.3,20.8,0.0,75.0,1024.6
14.9,22.6,0.0,69.0,1022.3
15.8,23.6,0.0,76.0,1020.8
17.1,23.9,0.2,81.0,1022.9
19.0,24.4,0.0,83.0,1020.5
20.4,22.4,0.0,88.0,1018.7
17.6,24.7,5.4,81.0,1011.4
17.4,28.2,0.2,36.0,1007.5
15.2,24.0,0.0,57.0,1011.7
15.2,21.7,0.0,65.0,1015.0
15.7,20.8,0.0,88.0,1017.8
16.3,21.4,6.0,67.0,1016.0
15.8,21.1,14.0,64.0,1016.9
18.0,21.7,0.2,71.0,1019.7
17.7,21.3,0.2,62.0,1021.1
15.6,21.4,0.0,65.0,1018.0
13.4,23.7,0.4,76.0,1007.0
17.2,24.1,0.4,47.0,1003.1
17.0,21.5,0.0,39.0,1003.6
10.7,19.1,0.0,35.0,1012.9
11.7,22.6,0.0,38.0,1014.5
11.3,18.3,0.0,78.0,1018.9
11.9,17.4,5.0,77.0,1019.1
12.0,20.6,2.6,66.0,1020.8
12.4,20.8,0.0,72.0,1021.9
13.9,19.9,34.8,73.0,1025.3
13.7,22.8,0.0,61.0,1025.5
14.7,20.4,12.4,67.0,1027.3
14.2,22.3,0.6,64.0,1023.6
13.2,21.1,0.0,53.0,1020.9
13.5,19.4,3.4,77.0,1024.3
12.2,20.7,21.2,55.0,1020.0
14.2,19.0,2.2,59.0,1022.7
12.5,20.0,19.2,51.0,1022.0
11.5,20.9,0.0,60.0,1017.6
11.4,20.9,0.0,45.0,1013.1
11.0,21.3,0.0,40.0,1010.9
11.4,21.9,0.0,41.0,1009.7
15.6,22.4,0.0,46.0,1008.8
11.9,19.2,0.0,59.0,1017.2
12.6,20.8,0.0,60.0,1022.5
14.6,21.4,0.4,71.0,1020.7
16.0,21.4,2.6,70.0,1019.3
17.7,20.6,0.6,60.0,1020.2
16.1,20.5,3.6,70.0,1018.9
16.2,21.0,5.6,70.0,1021.4
18.8,21.2,0.0,66.0,1024.8
16.2,22.2,0.0,67.0,1022.8
13.6,22.1,0.0,70.0,1018.9
15.2,18.1,0.0,81.0,1017.8
13.0,18.9,0.4,72.0,1019.2
12.4,16.9,50.4,74.0,1021.2
11.1,17.7,30.2,91.0,1026.3
12.6,19.2,17.6,58.0,1031.0
16.2,18.3,0.0,75.0,1029.4
13.4,19.5,7.4,79.0,1026.6
14.6,20.3,5.6,79.0,1021.7
14.7,18.6,0.4,84.0,1016.6
13.8,19.2,0.8,60.0,1012.3
10.3,18.7,0.0,49.0,1010.1
11.7,19.2,0.0,55.0,1005.2
11.5,19.8,0.0,48.0,1007.9
10.6,16.7,0.0,49.0,1009.0
9.1,14.7,0.0,38.0,1012.6
15.355480833893745,14.8,3.3872994195971327,67.52119784656797,1016.0133310946945
7.6,17.3,0.0,46.0,1020.2
8.7,19.1,0.0,46.0,1014.4
11.4,19.4,0.0,46.0,1011.6
10.7,19.3,0.0,49.0,1010.5
10.1,16.6,0.8,92.0,1018.4
11.1,17.7,39.2,79.0,1025.5
11.6,17.9,7.6,69.0,1026.6
15.4,18.0,3.2,61.0,1027.2
14.7,19.1,5.2,90.0,1023.7
15.1,19.5,2.8,88.0,1020.5
14.5,19.2,23.8,79.0,1017.7
11.4,19.1,0.2,80.0,1016.4
11.2,18.4,0.2,61.0,1011.3
10.2,17.3,0.0,56.0,1012.2
9.4,19.3,0.0,59.0,1008.9
10.8,18.4,0.0,67.0,1004.7
11.1,19.0,0.0,60.0,1004.6
10.0,20.5,0.2,57.0,1010.7
12.3,19.1,0.0,61.0,1008.8
14.3,21.6,0.0,36.0,1004.4
10.6,18.5,0.0,41.0,1006.4
11.5,16.7,0.0,40.0,1003.4
7.7,17.0,0.0,40.0,1010.9
10.3,15.7,0.0,51.0,1016.1
6.7,15.3,0.0,59.0,1017.3
9.5,15.6,2.4,82.0,1023.0
9.6,16.5,24.4,59.0,1027.3
8.8,17.2,1.8,58.0,1027.6
10.9,17.7,3.0,74.0,1023.9
11.0,17.1,4.2,65.0,1018.4
10.3,16.8,0.0,74.0,1010.2
12.5,16.3,0.2,66.0,1006.4
9.7,16.7,0.0,48.0,1004.8
7.9,17.9,0.0,63.0,1008.0
8.4,14.1,0.0,70.0,1009.8
9.8,15.4,20.6,76.0,1018.3
9.3,18.8,0.0,59.0,1018.3
9.4,18.9,0.0,53.0,1019.5
10.1,21.0,0.0,54.0,1020.5
9.6,21.1,0.0,66.0,1015.7
13.8,24.0,0.0,52.0,1006.7
12.0,17.2,2.6,50.0,1013.8
9.3,15.2,12.6,70.0,1024.6
7.7,19.0,0.2,57.0,1021.5
9.9,14.3,0.0,81.0,1014.4
8.6,17.8,2.8,48.0,1015.6
7.9,19.0,0.0,61.0,1020.2
8.6,17.6,0.0,56.0,1022.3
8.6,19.0,0.0,62.0,1019.5
9.6,19.5,0.0,51.0,1017.9
8.3,18.7,0.0,48.0,1021.1
7.4,18.9,0.0,57.0,1022.6
9.2,20.1,0.0,59.0,1019.6
12.1,19.4,0.2,60.0,1017.4
10.1,17.5,0.0,56.0,1020.4
8.2,19.7,0.0,68.0,1019.2
10.5,23.2,0.2,43.0,1009.2
8.8,14.7,0.2,66.0,1020.2
7.6,16.1,0.0,55.0,1017.8
8.3,18.1,0.0,70.0,1016.7
12.2,17.6,0.0,79.0,1012.3
10.3,20.4,3.2,46.0,1009.6
10.5,19.6,0.0,58.0,1011.7
10.7,18.6,0.0,69.0,1016.3
10.8,19.3,0.0,64.0,1016.5
10.1,22.7,0.2,72.0,1010.0
16.3,20.7,0.0,65.0,1013.4
9.6,17.7,0.0,58.0,1026.0
9.7,19.6,0.0,63.0,1023.1
10.3,23.1,0.0,66.0,1014.0
12.2,24.0,0.0,77.0,1003.1
15.5,20.2,0.0,60.0,1010.3
12.4,23.9,0.0,81.0,1007.8
16.8,27.0,0.0,37.0,1005.7
16.3,20.8,0.0,25.0,1006.6
13.2,22.5,0.0,20.0,1011.3
12.0,23.6,0.0,60.0,1013.5
12.2,23.6,0.0,64.0,1013.0
14.3,26.2,0.0,62.0,999.3
15.7,20.3,0.2,31.0,1010.5
8.3,21.3,0.0,33.0,1014.1
10.0,20.4,0.0,50.0,1019.6
11.8,19.1,0.0,70.0,1021.5
12.9,21.2,0.0,81.0,1017.6
14.5,24.3,8.2,49.0,1010.8
14.3,19.3,1.0,47.0,1015.0
11.7,20.4,0.0,64.0,1014.3
13.1,18.6,0.0,75.0,1001.9
11.9,21.3,0.0,64.0,1007.7
10.9,21.2,0.0,35.0,1008.8
10.8,20.2,0.0,52.0,1013.8
11.1,22.4,0.0,52.0,1019.6
11.7,25.7,0.0,70.0,1019.4
14.0,30.1,0.0,28.0,1016.0
17.0,19.7,0.0,77.0,1020.5
16.9,22.8,0.0,76.0,1016.3
16.5,19.4,0.0,90.0,1019.0
14.3,30.0,0.4,34.0,1011.0
18.1,22.4,0.0,71.0,1017.9
14.4,22.9,0.0,72.0,1013.2
13.5,25.8,0.0,58.0,1010.6
16.3,20.9,1.8,77.0,1012.5
15.355480833893745,29.5,3.3872994195971327,49.0,999.7
17.7,20.6,1.6,40.0,998.9
13.3,22.8,0.0,61.0,1009.6
12.1,25.6,0.0,56.0,1007.5
15.9,21.5,0.0,19.0,1004.5
10.2,18.5,0.0,26.0,1004.1
11.2,20.0,0.0,61.0,1005.3
10.3,20.1,0.0,54.0,1011.7
12.9,25.3,0.0,60.0,1012.6
13.8,32.0,0.0,53.0,1007.6
16.9,21.4,0.0,79.0,1007.9
15.1,16.9,8.6,93.0,1012.8
13.9,19.6,16.0,61.0,1019.1
13.8,19.5,6.2,75.0,1017.0
15.355480833893745,22.588937457969067,3.3872994195971327,67.52119784656797,1016.0133310946945
15.355480833893745,22.588937457969067,3.3872994195971327,67.52119784656797,1016.0133310946945
15.355480833893745,22.588937457969067,3.3872994195971327,67.52119784656797,1016.0133310946945
9.3,15.8,3.3872994195971327,76.0,1025.1
10.8,18.0,16.2,66.0,1026.8
12.3,19.9,11.8,70.0,1020.0
12.2,21.8,0.8,82.0,1006.3
17.0,25.0,0.2,26.0,998.9
15.1,23.9,0.0,68.0,1002.4
13.9,24.3,0.0,32.0,1006.3
12.2,21.9,0.0,30.0,1011.4
11.1,19.8,0.0,60.0,1020.2
13.6,19.9,17.6,63.0,1025.4
12.9,20.8,0.0,70.0,1024.4
15.3,23.5,0.0,72.0,1018.4
14.4,27.8,0.2,52.0,1016.6
17.5,22.1,0.0,64.0,1022.3
16.1,22.588937457969067,0.0,77.0,1014.3
15.355480833893745,22.588937457969067,3.3872994195971327,67.52119784656797,1016.0133310946945
15.355480833893745,22.588937457969067,3.3872994195971327,67.52119784656797,1016.0133310946945
15.355480833893745,22.588937457969067,3.3872994195971327,67.52119784656797,1016.0133310946945
15.355480833893745,22.588937457969067,3.3872994195971327,72.0,1027.1
15.355480833893745,24.3,3.3872994195971327,77.0,1021.8
18.2,22.4,0.0,78.0,1023.4
17.0,23.4,0.0,72.0,1020.6
19.1,23.9,0.0,71.0,1023.3
16.8,23.6,0.0,75.0,1020.4
17.5,23.3,0.0,79.0,1017.3
17.8,37.5,0.0,21.0,1006.9
19.1,21.0,0.0,78.0,1015.5
18.0,21.6,0.0,78.0,1020.7
17.7,20.6,0.2,73.0,1026.5
17.9,23.8,3.3872994195971327,79.0,1029.2
18.0,22.7,3.3872994195971327,83.0,1028.1
17.8,25.4,0.0,69.0,1024.2
15.5,24.9,0.0,63.0,1019.8
16.1,23.0,0.0,73.0,1020.8
17.4,25.8,0.0,77.0,1014.3
19.4,21.5,3.3872994195971327,71.0,1018.4
15.4,24.1,0.0,69.0,1011.3
17.6,23.5,0.0,83.0,1011.0
19.5,27.0,0.0,74.0,1002.7
19.3,21.6,0.4,70.0,1009.2
17.6,24.3,0.0,63.0,1010.7
18.5,26.3,0.0,79.0,1009.8
19.7,29.3,0.0,77.0,1005.2
21.0,26.6,3.3872994195971327,76.0,1006.9
20.2,39.2,0.0,23.0,1002.2
19.7,22.2,0.0,74.0,1020.7
17.8,21.4,1.2,95.0,1023.4
18.0,25.1,3.6,76.0,1018.1
19.6,27.3,0.0,78.0,1011.6
20.7,33.1,2.0,66.0,1006.7
20.7,29.4,0.0,76.0,1000.3
19.7,26.2,0.0,61.0,998.2
18.4,22.4,0.0,80.0,1008.5
14.5,18.8,17.0,72.0,1016.8
13.4,20.9,7.6,61.0,1021.0
14.1,24.5,0.0,60.0,1018.4
16.6,22.4,0.0,76.0,1014.9
18.5,24.2,0.0,68.0,1012.5
19.3,26.0,0.2,70.0,1015.5
20.6,27.4,0.0,78.0,1007.7
20.4,25.3,0.0,79.0,1001.0
19.1,23.9,0.8,68.0,1010.1
20.6,26.8,0.0,84.0,1006.7
21.6,28.0,0.0,42.0,1013.1
19.2,27.2,3.3872994195971327,67.0,1014.1
19.0,24.7,0.0,78.0,1014.4
20.3,24.5,0.4,78.0,1020.3
20.2,26.2,0.2,73.0,1020.1
21.3,28.8,0.0,79.0,1016.4
20.7,27.5,0.0,75.0,1008.8
20.1,22.2,0.2,93.0,1015.9
17.2,26.5,8.6,54.0,1013.2
20.0,24.5,0.0,60.0,1019.4
20.0,24.5,0.0,72.0,1012.5
19.5,27.6,0.0,67.52119784656797,1016.0133310946945
19.1,27.7,0.0,67.0,1013.3
20.2,25.8,3.3872994195971327,79.0,1009.9
20.4,24.3,0.0,89.0,1010.0
18.6,19.7,14.0,94.0,1015.1
18.0,21.5,5.4,96.0,1015.9
19.7,22.1,18.6,93.0,1015.0
20.2,22.6,9.0,77.0,1020.5
20.6,25.2,0.0,69.0,1022.8
20.6,24.7,2.6,87.0,1017.0
20.8,28.7,2.2,77.0,1011.5
21.8,24.6,0.0,91.0,1005.8
19.3,21.3,19.4,90.0,1015.2
18.7,25.4,1.2,62.0,1019.1
18.1,26.8,0.0,77.0,1015.0
20.7,24.8,0.0,87.0,1013.2
20.8,24.2,0.2,79.0,1016.6
21.5,25.9,0.0,67.0,1019.8
20.2,30.3,0.0,79.0,1015.3
22.5,27.6,0.0,79.0,1014.6
22.2,26.2,0.0,75.0,1016.6
22.8,22.588937457969067,0.0,80.0,1008.7
21.4,24.9,3.3872994195971327,83.0,1010.4
20.0,22.5,18.0,92.0,1016.7
19.7,23.9,0.0,86.0,1016.9
20.3,28.9,0.0,72.0,1009.9
19.8,27.5,0.0,89.0,1001.8
18.0,25.8,3.3872994195971327,26.0,1002.2
15.4,23.5,0.0,45.0,1007.8
17.1,26.6,0.0,56.0,1008.3
19.6,28.8,0.0,71.0,1009.0
21.9,32.3,0.2,80.0,1009.2
22.6,40.2,0.0,67.52119784656797,1016.0133310946945
21.1,23.8,0.6,77.0,1014.1
20.7,26.9,0.0,67.52119784656797,1016.0133310946945
22.6,27.9,2.0,77.0,1007.1
23.0,26.1,0.0,78.0,1012.7
22.5,27.0,0.8,80.0,1009.4
20.6,26.8,3.3872994195971327,77.0,1010.0
22.0,24.7,0.4,67.52119784656797,1017.1
21.8,26.7,4.2,76.0,1014.2
22.4,29.2,0.0,71.0,1015.4
22.4,27.2,0.0,84.0,1014.9
21.4,26.4,8.0,79.0,1013.4
22.3,27.2,12.6,82.0,1010.7
22.6,27.2,0.0,93.0,1008.8
21.8,26.3,7.2,90.0,1015.3
22.0,25.4,0.6,88.0,1019.8
21.4,28.0,13.4,80.0,1021.3
22.5,27.9,0.0,75.0,1021.1
21.6,29.2,0.2,74.0,1017.6
21.0,28.6,0.0,74.0,1013.8
21.7,37.5,0.0,46.0,1005.8
22.3,27.3,16.6,82.0,1009.8
22.8,26.4,3.3872994195971327,90.0,1004.5
21.0,29.4,5.8,77.0,1003.5
21.1,24.1,0.0,73.0,1012.7
19.8,24.0,0.0,73.0,1015.5
20.9,24.7,0.0,56.0,1022.6
21.4,25.0,3.3872994195971327,68.0,1022.7
21.3,29.6,0.0,63.0,1018.4
20.2,30.0,0.0,73.0,1015.0
21.5,36.3,0.0,65.0,1012.2
24.1,29.1,0.0,75.0,1015.0
20.9,24.1,0.0,58.0,1021.1
20.7,25.2,0.0,55.0,1026.2
21.1,26.1,0.2,64.0,1024.4
19.4,29.5,0.0,68.0,1017.9
20.4,26.5,0.0,71.0,1013.9
19.7,23.3,4.8,89.0,1017.9
17.7,22.8,7.0,62.0,1017.2
20.0,25.0,0.0,60.0,1017.9
19.6,26.1,1.4,67.52119784656797,1016.0133310946945
21.8,25.9,0.0,84.0,1009.3
21.1,28.4,39.8,85.0,1011.0
21.9,27.0,0.0,81.0,1012.0
21.4,28.0,3.3872994195971327,86.0,1010.7
18.7,30.2,4.4,38.0,1012.5
18.6,20.9,3.3872994195971327,94.0,1021.2
18.6,22.9,14.0,63.0,1030.8
19.5,23.9,0.0,59.0,1034.0
20.3,23.6,0.0,69.0,1032.1
18.2,24.9,0.0,71.0,1027.5
18.0,25.8,0.0,65.0,1022.8
18.1,26.7,0.0,68.0,1022.9
17.2,25.2,0.0,63.0,1024.6
16.9,26.2,0.0,63.0,1023.9
18.1,27.3,0.0,69.0,1019.7
19.1,28.4,0.0,67.0,1019.6
19.1,29.1,0.2,72.0,1014.8
21.3,26.5,0.0,61.0,1018.6
19.6,28.0,0.0,68.0,1017.6
19.7,26.0,0.0,69.0,1020.5
21.0,27.7,0.0,64.0,1020.0
19.3,29.9,0.0,74.0,1016.0
21.9,26.0,0.0,82.0,1018.0
20.3,28.3,0.0,73.0,1015.3
21.4,28.2,0.0,79.0,1016.8
19.9,21.3,10.0,92.0,1018.4
19.1,22.2,26.0,81.0,1016.7
17.2,22.5,0.0,65.0,1016.0
16.5,22.3,0.0,67.0,1018.2
15.8,22.5,0.0,66.0,1019.5
15.9,21.7,13.4,73.0,1019.6
15.8,22.5,0.0,59.0,1018.8
17.0,26.2,0.0,73.0,1017.3
18.6,22.5,5.8,86.0,1013.1
18.7,27.6,3.0,64.0,1011.0
17.9,22.8,0.2,70.0,1010.9
16.5,25.1,0.0,70.0,1008.2
18.2,28.3,0.0,43.0,1006.1
14.9,22.8,0.0,44.0,1012.4
13.0,20.9,0.0,64.0,1020.0
13.8,23.2,0.0,58.0,1019.6
15.2,23.8,0.0,59.0,1020.2
17.1,21.3,0.0,80.0,1025.2
16.4,22.3,4.8,80.0,1025.7
17.6,23.7,0.0,74.0,1024.2
18.4,24.6,0.0,76.0,1023.5
18.5,24.4,0.2,72.0,1021.8
18.1,24.3,0.8,66.0,1020.5
17.6,24.8,0.2,77.0,1019.5
18.0,27.1,0.2,67.0,1016.4
19.1,28.1,0.0,53.0,1010.9
15.7,20.7,18.4,75.0,1013.3
14.3,20.0,3.4,62.0,1022.4
12.9,21.9,0.0,51.0,1017.3
13.6,24.5,0.0,37.0,1017.1
14.5,24.4,0.0,38.0,1017.1
13.7,20.8,0.0,90.0,1024.1
14.9,22.9,16.2,78.0,1024.8
14.6,26.4,0.2,48.0,1022.1
16.6,24.6,0.0,60.0,1024.2
17.2,24.8,0.2,67.0,1016.6
15.4,25.7,0.0,56.0,1011.5
10.1,19.6,0.0,40.0,1019.1
12.0,20.8,0.0,52.0,1018.8
12.2,22.4,0.0,53.0,1019.4
14.1,22.5,0.0,60.0,1018.6
15.3,24.3,3.3872994195971327,68.0,1015.9
13.9,26.9,0.0,30.0,1009.2
10.9,17.3,0.0,50.0,1016.7
8.8,19.4,0.0,50.0,1015.7
11.0,18.9,0.0,48.0,1014.8
12.2,19.9,0.0,65.0,1015.8
12.6,20.7,0.0,66.0,1018.3
13.6,16.8,12.8,74.0,1017.0
12.9,16.8,23.2,92.0,1017.0
12.7,18.6,18.2,76.0,1020.0
12.7,19.3,1.6,64.0,1019.9
13.0,20.3,0.0,69.0,1017.2
12.4,17.4,52.6,90.0,1019.4
10.9,17.0,43.4,82.0,1020.8
11.9,19.8,1.2,67.0,1015.7
13.5,17.6,13.4,84.0,1006.4
13.7,19.9,3.2,91.0,1004.4
14.7,20.5,27.6,64.0,1016.9
12.3,20.0,0.0,72.0,1017.3
13.9,17.1,7.4,90.0,1005.2
12.5,18.9,6.4,58.0,1003.2
12.2,19.9,1.4,89.0,1008.4
13.2,18.2,11.2,74.0,1017.6
13.3,18.6,3.0,72.0,1018.9
13.3,19.5,1.8,83.0,1018.7
15.4,19.3,56.0,92.0,1014.0
14.0,18.9,26.6,69.0,1011.3
10.8,17.6,1.8,61.0,1015.0
10.6,16.2,12.4,74.0,1022.5
10.5,17.9,8.8,66.0,1019.0
9.6,17.9,3.3872994195971327,45.0,1009.0
10.0,15.2,0.0,40.0,1018.0
6.9,15.2,0.0,52.0,1016.7
8.3,15.3,0.0,59.0,1021.4
9.9,16.2,0.0,70.0,1028.7
8.6,16.5,0.0,70.0,1031.8
9.9,18.0,0.0,71.0,1029.2
11.6,19.3,0.0,68.0,1024.4
12.9,15.6,0.0,85.0,1012.2
9.6,17.3,1.8,48.0,1015.8
8.0,22.588937457969067,0.0,67.52119784656797,1016.0133310946945
10.4,17.4,3.3872994195971327,54.0,1024.3
10.8,17.1,0.8,77.0,1031.8
13.3,18.6,7.2,70.0,1034.7
12.4,17.9,2.0,81.0,1033.7
12.0,17.8,3.2,69.0,1027.3
12.3,18.5,0.0,77.0,1021.5
13.8,18.9,3.8,74.0,1016.2
7.5,15.0,3.8,65.0,1018.5
7.3,14.7,0.0,49.0,1017.8
6.1,14.1,0.0,46.0,1017.3
5.3,14.6,0.0,46.0,1019.3
7.5,16.1,0.0,45.0,1023.0
9.1,13.2,0.0,67.0,1024.0
8.0,14.4,0.0,44.0,1025.6
9.1,16.4,0.0,71.0,1026.6
10.0,15.5,3.3872994195971327,80.0,1023.0
11.4,18.2,7.0,62.0,1014.5
11.9,16.4,0.2,87.0,1022.0
9.9,15.3,16.4,89.0,1024.7
10.7,17.0,25.6,72.0,1027.2
11.5,18.3,0.6,77.0,1024.8
13.1,17.9,0.0,74.0,1020.4
13.3,17.2,0.4,66.0,1021.2
13.9,19.7,0.2,83.0,1015.4
13.9,17.8,1.0,41.0,1010.0
10.1,16.4,1.0,40.0,1017.4
8.3,15.1,0.0,63.0,1023.9
8.4,16.3,0.0,61.0,1024.9
8.7,18.8,0.2,60.0,1018.2
9.4,18.5,0.0,59.0,1015.8
9.5,15.5,0.0,66.0,1021.1
10.0,14.4,2.6,67.0,1024.1
7.9,14.8,1.6,70.0,1027.5
9.1,16.4,15.2,67.0,1030.1
10.8,16.1,18.8,73.0,1027.5
10.3,17.0,0.0,69.0,1027.5
10.1,16.6,0.6,68.0,1032.1
10.9,17.9,0.0,60.0,1032.6
13.8,16.4,1.2,92.0,1024.5
12.7,18.3,27.8,88.0,1016.4
13.8,21.0,2.4,81.0,1014.3
14.8,20.8,8.4,54.0,1012.6
9.6,19.5,0.0,50.0,1014.7
8.9,15.0,0.0,49.0,1011.9
10.1,22.588937457969067,40.6,82.0,1015.8
15.355480833893745,22.588937457969067,3.3872994195971327,59.0,1015.1
15.355480833893745,22.588937457969067,3.3872994195971327,67.52119784656797,1015.2
15.355480833893745,22.588937457969067,0.2,67.52119784656797,1019.0
15.355480833893745,22.588937457969067,0.0,67.52119784656797,1016.0133310946945
15.355480833893745,22.588937457969067,3.3872994195971327,67.52119784656797,1016.0133310946945
15.355480833893745,22.588937457969067,3.3872994195971327,67.52119784656797,1021.0
15.355480833893745,22.588937457969067,0.0,67.52119784656797,1013.7
15.355480833893745,22.588937457969067,0.2,47.0,1004.7
15.355480833893745,17.7,0.0,48.0,1002.3
9.3,16.2,0.4,64.0,1011.6
8.1,19.5,0.0,52.0,1010.3
12.5,21.2,0.0,41.0,1005.1
12.2,18.6,0.2,40.0,1011.3
6.8,16.1,0.0,48.0,1020.2
7.9,18.7,0.0,64.0,1012.3
14.0,24.6,3.3872994195971327,34.0,1005.8
10.9,19.3,3.3872994195971327,34.0,1011.1
7.8,17.3,0.0,36.0,1015.8
7.3,17.2,0.0,56.0,1021.1
10.7,14.6,0.8,92.0,1011.0
9.6,19.8,1.2,36.0,1008.4
11.2,18.9,0.0,28.0,1005.0
10.3,17.3,0.0,41.0,1001.9
10.8,18.7,0.0,45.0,1009.0
8.1,15.5,0.0,54.0,1022.1
9.1,18.0,0.0,64.0,1026.1
10.8,18.7,0.0,62.0,1024.3
11.9,20.1,0.0,72.0,1020.5
12.5,22.9,0.0,56.0,1013.4
15.7,19.6,0.6,88.0,1013.9
14.7,17.7,2.2,67.0,1023.1
16.3,20.4,6.8,93.0,1007.6
17.1,21.6,0.2,42.0,1010.6
10.5,19.7,0.0,48.0,1017.5
10.4,16.4,0.0,68.0,1022.7
9.6,16.6,0.0,67.0,1023.5
10.5,21.1,0.0,63.0,1011.0
13.7,24.6,4.4,39.0,1000.5
10.4,18.3,0.8,54.0,1017.5
10.3,19.5,0.0,68.0,1018.1
13.8,23.8,0.0,37.0,1012.6
15.0,18.7,0.0,88.0,1010.7
12.2,18.5,3.3872994195971327,74.0,1010.0
9.4,20.9,0.2,35.0,1011.4
8.4,17.9,0.0,43.0,1018.3
8.4,20.7,0.0,60.0,1014.2
12.5,18.8,0.0,73.0,1020.0
12.8,20.4,0.0,67.0,1022.8
12.4,20.9,0.0,78.0,1021.4
13.5,19.3,0.0,67.0,1020.7
15.9,18.8,0.0,70.0,1022.2
13.7,22.0,0.0,77.0,1017.6
12.5,27.8,0.2,38.0,1013.2
14.2,21.9,0.0,78.0,1017.8
13.9,27.9,0.0,47.0,1008.8
15.3,25.4,0.0,69.0,1009.5
12.4,17.1,0.0,63.0,1016.8
8.7,17.2,0.4,51.0,1023.3
11.8,20.4,0.0,56.0,1025.2
15.2,20.6,0.0,89.0,1027.6
15.5,19.3,1.0,89.0,1027.1
15.8,20.4,11.6,83.0,1022.5
16.4,21.8,1.6,79.0,1020.8
17.4,22.0,8.2,81.0,1018.7
15.3,23.8,0.2,83.0,1016.6
15.5,20.2,0.0,61.0,1021.9
16.8,19.1,0.0,64.0,1025.0
16.4,21.1,0.0,55.0,1031.2
16.0,22.2,1.4,63.0,1031.7
15.6,21.4,1.0,73.0,1025.5
14.9,22.0,0.0,79.0,1015.8
16.5,27.6,2.4,53.0,1008.6
17.4,20.2,0.0,88.0,991.6
11.8,16.8,1.2,30.0,1004.2
8.9,20.4,0.0,49.0,1012.1
11.7,22.5,2.0,57.0,1016.0
12.9,18.5,0.0,65.0,1025.7
14.0,20.9,0.2,62.0,1025.9
14.0,23.9,0.0,64.0,1022.6
14.4,24.2,0.0,68.0,1018.2
14.8,25.7,0.0,89.0,1013.7
14.9,16.6,14.0,90.0,1019.6
14.2,19.9,31.4,74.0,1018.0
13.3,24.2,1.0,73.0,1015.5
14.6,21.3,0.0,85.0,1014.6
17.2,22.1,2.2,67.0,1020.1
16.3,23.6,0.0,63.0,1017.3
16.8,25.5,0.0,83.0,1012.3
18.5,22.5,0.0,83.0,1010.9
18.0,19.6,2.0,92.0,1011.4
12.9,19.6,36.2,57.0,1012.9
11.9,22.6,0.0,58.0,1016.1
14.7,19.3,16.0,68.0,1019.9
13.8,19.2,18.6,83.0,1021.4
14.3,19.7,10.8,76.0,1021.2
13.3,21.6,0.6,69.0,1018.5
16.3,23.5,0.2,81.0,1015.7
17.1,23.0,29.2,83.0,1024.3
18.4,23.7,0.0,81.0,1017.8
18.5,23.8,0.8,81.0,1012.6
18.1,26.5,0.0,79.0,1011.9
18.7,25.7,0.2,82.0,1013.8
19.5,24.3,0.0,80.0,1013.3
19.3,23.9,0.0,96.0,1012.6
17.4,21.1,36.6,81.0,1011.5
17.0,22.8,0.8,70.0,1015.7
16.6,22.6,0.0,79.0,1013.0
17.2,19.0,10.4,71.0,1023.2
14.2,22.3,0.0,63.0,1025.0
15.3,24.7,0.0,65.0,1022.9
17.8,24.6,0.0,68.0,1024.1
17.9,25.0,0.0,73.0,1024.6
18.3,23.0,0.0,72.0,1021.9
17.4,23.0,0.0,74.0,1017.8
16.7,25.8,0.0,78.0,1015.2
17.1,24.7,0.0,76.0,1011.7
17.6,21.4,0.0,83.0,1010.2
16.5,20.8,0.0,82.0,1012.2
16.6,22.3,5.6,83.0,1014.1
18.0,21.5,26.2,95.0,1015.8
17.7,23.9,23.6,87.0,1015.9
18.6,24.1,0.0,79.0,1014.3
18.5,23.4,1.0,83.0,1010.5
18.4,24.9,0.2,74.0,1010.5
19.0,24.4,0.0,79.0,1013.1
19.6,27.4,0.0,77.0,1015.6
19.3,23.6,0.0,83.0,1012.8
19.2,31.2,0.0,63.0,1008.9
19.8,22.588937457969067,3.3872994195971327,67.52119784656797,1016.0133310946945
17.4,25.4,3.3872994195971327,78.0,1004.1
17.4,31.0,0.0,61.0,1003.5
18.4,23.1,0.0,77.0,1012.8
19.3,23.5,0.0,83.0,1013.4
19.6,25.3,0.0,79.0,1007.3
19.6,26.1,0.2,92.0,1003.2
18.3,24.2,7.8,82.0,1003.8
19.2,22.8,0.2,59.0,1001.2
18.2,24.1,0.0,70.0,997.4
13.3,23.9,0.0,34.0,1001.2
13.3,27.7,0.0,32.0,1008.7
16.8,23.9,0.0,80.0,1017.3
18.2,25.2,0.0,72.0,1017.1
18.6,22.6,0.0,69.0,1023.7
17.7,25.2,0.0,76.0,1012.1
20.5,26.7,0.0,69.0,1002.4
19.1,21.2,5.8,90.0,1005.3
17.0,22.6,0.4,61.0,1019.0
16.6,26.8,0.0,69.0,1015.2
18.9,27.8,0.0,67.0,1015.4
19.8,28.4,0.0,78.0,1014.2
19.1,26.1,0.0,72.0,1010.5
19.9,25.7,0.4,83.0,1010.0
18.9,22.7,4.0,78.0,1013.5
18.7,22.6,0.2,68.0,1011.3
17.6,24.1,0.0,64.0,1006.1
19.7,25.5,2.2,79.0,1010.6
19.5,27.7,7.6,87.0,1013.1
20.8,26.9,6.6,71.0,1012.4
21.7,26.6,11.0,77.0,1014.2
21.3,25.3,3.2,82.0,1014.5
21.6,25.6,2.4,82.0,1011.8
21.9,25.6,0.0,81.0,1011.2
21.4,28.1,0.0,74.0,1013.3
20.2,26.9,0.0,75.0,1009.5
19.1,24.9,0.0,80.0,1007.8
19.8,28.9,1.0,66.0,1008.0
18.0,28.6,0.0,74.0,1000.6
20.3,24.5,0.0,70.0,1007.6
21.5,27.2,0.2,74.0,1009.0
22.6,28.4,0.2,81.0,1013.4
19.7,26.8,1.4,67.0,1013.5
19.6,30.0,0.0,59.0,1015.7
20.1,28.6,0.0,65.0,1009.8
19.6,29.5,0.0,73.0,1001.6
21.5,27.3,0.0,74.0,1007.7
22.4,29.4,0.0,79.0,1010.1
21.8,27.7,0.2,76.0,1011.6
22.5,25.6,0.4,69.0,1019.0
20.9,26.2,0.0,51.0,1021.5
18.1,28.5,0.0,66.0,1017.1
21.4,30.3,0.0,78.0,1012.4
21.9,31.1,0.0,65.0,1007.7
23.7,30.6,0.0,76.0,1013.2
23.5,39.7,0.0,35.0,1009.5
23.6,31.2,0.0,76.0,1012.1
23.6,39.6,0.0,34.0,1007.5
25.1,32.5,0.0,89.0,1013.8
17.0,22.4,16.6,67.0,1020.5
17.8,26.0,0.0,61.0,1018.5
20.6,25.2,0.0,74.0,1023.1
20.5,27.9,1.4,70.0,1020.5
20.2,28.9,0.0,72.0,1012.3
23.1,23.7,0.2,89.0,1015.8
19.4,23.4,9.4,87.0,1017.5
20.4,23.1,5.4,69.0,1023.0
20.4,25.7,0.8,65.0,1021.7
19.6,26.6,0.2,74.0,1016.8
21.6,29.7,0.0,88.0,1012.2
21.8,25.6,3.4,86.0,1014.1
21.9,29.4,0.0,76.0,1007.2
24.1,36.6,0.0,72.0,1005.3
20.5,25.0,0.6,74.0,1012.5
18.6,23.1,0.6,57.0,1021.8
18.1,24.5,1.8,61.0,1021.4
16.7,25.9,0.4,55.0,1016.7
17.7,26.3,0.0,67.0,1013.3
20.8,27.2,0.0,69.0,1009.8
19.9,30.9,0.0,47.0,1007.5
21.9,29.5,0.0,76.0,1008.1
22.6,36.2,2.0,31.0,1003.2
20.0,22.7,0.0,75.0,1015.3
18.4,30.8,0.0,37.0,1007.2
20.5,26.7,0.0,69.0,1010.1
19.6,22.4,0.0,60.0,1022.9
18.9,23.7,0.0,55.0,1026.0
18.6,25.1,1.4,55.0,1022.4
18.2,27.3,0.0,69.0,1016.1
19.9,25.5,0.0,79.0,1014.0
21.0,25.4,0.0,81.0,1012.6
21.0,27.4,0.0,73.0,1015.7
20.3,26.6,0.0,74.0,1019.2
20.8,30.1,0.0,72.0,1018.5
21.2,26.8,0.0,85.0,1019.3
18.4,24.9,0.6,71.0,1018.4
19.3,27.9,0.0,69.0,1016.6
21.0,24.1,0.4,88.0,1017.2
21.0,23.8,0.6,82.0,1013.7
19.4,25.6,10.2,82.0,1011.0
19.7,23.4,45.4,88.0,1008.8
19.9,27.0,47.8,86.0,1003.3
21.1,27.1,1.8,82.0,999.6
19.8,30.8,0.2,46.0,1000.7
17.2,27.4,0.0,44.0,1004.0
17.6,26.1,0.0,54.0,1008.6
16.5,20.3,5.8,88.0,1019.2
16.4,22.2,6.0,61.0,1023.7
16.6,22.9,4.6,76.0,1025.6
18.4,27.1,3.6,71.0,1022.7
18.0,28.0,0.0,71.0,1016.1
18.8,22.3,0.0,78.0,1022.3
15.6,21.1,0.8,67.0,1015.6
13.6,19.5,0.0,77.0,1014.5
15.2,19.6,0.0,80.0,1013.7
14.5,19.7,0.8,69.0,1015.2
13.1,18.9,5.0,68.0,1020.6
12.2,18.2,0.6,66.0,1020.2
11.1,19.5,0.0,60.0,1015.7
11.3,19.9,0.0,52.0,1010.8
11.1,17.5,0.0,83.0,1012.7
11.3,16.8,3.3872994195971327,62.0,1012.8
9.2,16.3,0.0,51.0,1007.1
8.1,16.7,0.0,36.0,1009.7
9.7,20.7,0.0,47.0,1008.7
10.7,16.2,0.0,40.0,1017.5
8.4,17.3,0.0,53.0,1027.5
8.5,18.4,0.0,59.0,1026.3
9.3,17.9,0.0,69.0,1028.0
10.3,18.6,0.0,74.0,1029.8
13.4,21.1,0.0,73.0,1028.4
13.2,20.0,0.2,75.0,1024.8
13.0,22.1,0.0,67.0,1021.7
12.3,21.6,0.2,71.0,1015.6
14.9,22.1,4.6,48.0,1002.7
12.7,18.9,0.0,73.0,1004.0
11.1,14.5,31.8,86.0,1010.0
10.4,15.9,23.6,64.0,1015.2
8.9,16.4,0.6,57.0,1017.9
10.1,16.3,2.8,91.0,1022.2
11.9,16.6,31.4,84.0,1021.7
12.9,19.2,48.4,90.0,1017.0
14.9,19.1,38.2,88.0,1018.3
16.2,19.3,13.0,82.0,1023.5
15.8,20.1,7.0,72.0,1022.1
12.1,20.1,0.0,55.0,1015.0
12.1,20.3,0.0,74.0,1013.8
10.2,19.2,4.0,53.0,1013.0
9.5,17.9,0.0,52.0,1015.7
7.6,16.5,0.0,51.0,1013.4
9.1,22.588937457969067,0.0,67.52119784656797,1016.0133310946945
7.6,16.5,3.3872994195971327,47.0,1011.5
8.6,16.6,0.0,62.0,1016.5
10.9,17.1,9.4,85.0,1023.7
11.4,17.5,69.2,89.0,1021.4
14.2,18.7,24.4,61.0,1019.7
15.8,18.8,0.0,84.0,1017.5
14.9,18.2,17.4,71.0,1019.2
15.4,18.4,1.2,81.0,1015.4
9.8,18.3,1.8,47.0,1005.6
8.8,17.7,0.0,49.0,1010.0
9.1,17.9,0.0,44.0,1014.3
9.4,19.2,0.0,54.0,1012.7
11.9,19.9,0.0,43.0,1000.8
8.6,15.7,0.4,44.0,1011.0
8.8,19.3,0.0,50.0,1017.7
8.1,18.2,0.0,62.0,1024.7
9.5,18.9,0.0,65.0,1028.1
9.0,20.4,0.0,47.0,1023.3
10.8,18.1,0.0,66.0,1027.1
11.0,17.2,0.0,90.0,1032.4
13.3,18.6,15.0,72.0,1035.1
15.2,17.7,0.0,68.0,1034.4
11.0,15.6,1.4,94.0,1028.1
10.7,18.0,7.8,73.0,1022.9
10.4,19.2,0.2,69.0,1018.5
12.5,21.1,0.0,58.0,1010.6
11.1,16.8,0.0,37.0,1006.1
9.9,16.7,0.0,43.0,1008.7
11.5,17.9,0.0,36.0,1013.8
6.0,16.9,0.0,47.0,1018.6
5.6,16.3,0.0,44.0,1016.0
7.8,15.7,0.0,41.0,1011.3
9.4,17.1,0.0,43.0,1018.2
5.9,18.9,0.0,47.0,1018.2
9.5,13.5,0.0,50.0,1016.7
7.1,14.3,0.0,53.0,1026.9
8.0,12.6,5.2,93.0,1032.2
8.6,14.8,12.6,76.0,1027.5
10.8,17.0,8.0,83.0,1021.6
10.3,18.7,0.2,52.0,1015.4
6.7,16.2,0.0,51.0,1011.3
9.2,17.6,44.0,89.0,1011.6
11.6,16.4,55.6,95.0,1013.2
11.3,16.6,66.2,90.0,1016.8
9.9,14.7,43.2,82.0,1018.2
8.5,15.9,7.8,58.0,1017.5
9.0,19.1,0.0,53.0,1015.1
9.0,18.3,0.0,65.0,1019.1
8.7,14.1,0.2,85.0,1026.8
9.6,18.9,3.8,68.0,1026.0
8.1,17.3,0.2,59.0,1024.0
7.0,18.7,0.2,61.0,1020.8
9.0,19.9,0.0,65.0,1019.7
10.9,22.7,0.0,70.0,1019.8
10.6,21.8,0.0,68.0,1021.0
11.3,21.6,0.2,64.0,1022.2
12.1,21.7,0.2,74.0,1024.6
11.9,23.4,3.3872994195971327,50.0,1022.2
12.7,24.0,0.0,49.0,1017.2
14.3,19.7,1.2,78.0,1012.5
10.2,17.8,7.6,49.0,1007.7
9.1,15.2,0.0,55.0,1006.0
7.6,18.1,0.0,46.0,1005.1
8.2,17.0,0.0,56.0,1008.2
10.6,17.2,7.6,63.0,1017.7
10.6,18.4,0.6,67.0,1022.3
12.4,15.0,2.4,80.0,1023.8
10.1,17.1,6.6,74.0,1022.8
10.9,18.8,0.0,74.0,1018.6
11.7,17.0,0.0,94.0,1014.3
11.1,17.7,8.6,39.0,1009.3
8.3,16.8,0.0,82.0,1012.7
11.2,17.4,11.8,67.0,1027.4
14.3,17.8,0.6,80.0,1033.4
14.2,16.9,0.0,79.0,1035.9
13.1,18.2,4.0,76.0,1031.7
11.6,19.7,0.0,69.0,1026.8
10.1,18.5,0.0,77.0,1021.1
11.5,21.2,0.0,75.0,1023.0
11.5,16.3,0.4,92.0,1017.9
12.0,20.1,0.0,74.0,1017.5
12.3,23.1,0.2,65.0,1015.4
13.9,18.2,8.6,72.0,1020.6
12.5,18.9,1.8,69.0,1021.6
12.9,20.0,0.0,72.0,1022.1
15.4,16.8,0.0,71.0,1028.3
11.1,20.6,1.0,68.0,1027.6
11.3,19.5,0.0,70.0,1024.4
12.8,22.5,0.0,76.0,1023.5
13.5,23.8,0.0,50.0,1015.6
14.1,17.8,0.2,54.0,1017.6
13.7,19.4,0.0,72.0,1017.1
13.4,14.4,10.8,58.0,1006.3
7.8,17.2,5.8,39.0,1008.7
10.1,19.0,0.2,53.0,1011.1
10.2,16.1,1.4,66.0,1022.9
8.8,22.2,0.0,34.0,1020.3
11.0,25.5,0.0,21.0,1017.7
15.8,20.1,0.0,73.0,1018.4
12.8,23.7,0.0,77.0,1012.9
15.8,23.2,0.0,78.0,1013.9
14.6,31.1,0.0,84.0,1015.0
15.2,23.4,0.0,82.0,1014.3
16.2,28.2,0.0,33.0,1005.2
11.2,20.6,0.0,52.0,1018.1
12.6,24.5,0.0,72.0,1019.2
12.6,30.1,0.0,20.0,1013.7
16.3,18.6,0.0,77.0,1017.0
12.9,17.6,42.2,93.0,1018.9
12.3,19.2,52.4,66.0,1021.9
12.5,21.3,1.0,63.0,1018.8
12.3,18.4,0.0,90.0,1011.4
14.5,22.3,23.6,36.0,996.5
10.7,20.8,0.2,32.0,1003.3
9.9,20.9,0.0,62.0,1004.3
11.2,16.0,12.0,67.0,1014.6
11.3,16.1,18.0,69.0,1020.7
11.7,17.3,0.0,68.0,1022.9
11.3,20.2,0.0,56.0,1018.5
13.6,18.2,0.0,75.0,1013.6
14.0,20.5,2.2,78.0,1010.5
15.3,21.3,7.6,75.0,1009.2
13.7,23.5,0.2,39.0,1004.9
12.4,20.5,0.0,65.0,1006.5
12.3,20.8,0.0,49.0,1009.8
12.2,19.6,0.0,62.0,1016.4
15.8,19.8,0.0,63.0,1021.6
16.8,19.2,0.0,79.0,1016.5
17.1,24.9,0.0,76.0,1007.9
16.6,21.6,0.0,65.0,1014.6
14.1,18.0,7.6,60.0,1032.0
13.1,20.5,0.0,54.0,1032.0
13.0,22.6,0.0,63.0,1028.3
12.8,24.3,0.0,70.0,1023.8
14.7,26.0,0.0,78.0,1021.8
17.4,23.2,0.0,76.0,1021.7
16.9,24.1,0.2,75.0,1018.5
16.5,31.0,0.0,45.0,1009.0
18.8,21.4,0.6,89.0,1012.0
14.2,18.4,2.8,67.0,1021.6
14.6,20.4,0.8,63.0,1021.8
16.3,24.5,0.0,72.0,1015.9
16.0,26.1,0.0,73.0,1009.3
18.3,21.4,0.0,88.0,1010.1
14.8,18.9,4.6,68.0,1019.7
14.6,21.0,1.4,64.0,1016.6
13.6,23.8,0.0,77.0,1008.9
13.0,19.2,6.0,70.0,1013.9
13.0,20.7,2.0,59.0,1018.2
15.1,24.1,0.0,73.0,1015.6
16.9,25.0,0.0,84.0,1009.8
19.1,30.2,0.0,73.0,1011.5
19.1,25.8,0.2,83.0,1009.8
19.1,26.4,2.6,75.0,1011.6
20.8,29.6,0.0,50.0,1011.8
16.7,23.8,0.0,64.0,1022.4
18.5,23.5,0.0,79.0,1015.2
18.3,23.8,3.6,83.0,1014.1
18.4,30.6,0.0,75.0,1005.8
18.2,24.3,0.0,67.0,1017.5
18.4,22.1,0.0,89.0,1017.7
16.9,19.6,15.6,95.0,1018.1
17.5,22.9,4.6,82.0,1016.5
17.9,25.0,0.2,85.0,1011.3
18.7,35.4,0.0,28.0,1006.9
18.4,25.0,2.4,75.0,1015.5
16.6,21.5,8.0,87.0,1008.4
15.2,18.6,36.2,93.0,1018.3
15.6,18.6,13.2,76.0,1025.0
15.7,20.5,9.4,95.0,1019.8
17.8,23.4,24.0,88.0,1005.2
15.6,30.0,0.8,62.0,1007.5
16.7,25.4,0.0,81.0,1016.1
18.9,24.0,0.0,85.0,1014.2
19.2,28.0,0.0,78.0,1009.5
15.7,18.6,7.4,63.0,1020.3
15.0,19.0,0.6,67.0,1020.6
12.7,20.8,0.0,59.0,1017.4
13.9,21.0,0.0,82.0,1013.8
12.4,18.0,2.6,73.0,1019.4
13.2,20.4,1.2,53.0,1017.5
15.8,18.7,0.0,92.0,1013.8
15.9,21.7,11.4,80.0,1013.1
17.0,23.7,0.4,75.0,1013.5
18.2,24.2,0.0,70.0,1008.2
16.9,26.7,0.0,88.0,1002.9
18.6,18.8,27.6,90.0,1005.5
16.7,20.1,8.0,68.0,1008.2
16.2,21.2,0.4,61.0,1016.0
16.6,22.7,0.2,58.0,1018.1
14.7,22.2,0.0,54.0,1020.8
17.4,22.9,0.0,55.0,1021.7
16.0,25.1,0.0,67.0,1016.3
19.2,20.9,0.0,92.0,1008.8
16.9,21.8,13.6,78.0,1014.3
18.4,23.9,0.2,72.0,1016.9
19.2,22.7,0.0,91.0,1017.0
18.0,26.8,14.8,78.0,1013.0
20.1,26.2,0.0,71.0,1012.7
19.7,27.0,0.0,75.0,1010.4
19.8,24.1,0.0,83.0,1004.3
19.3,21.5,3.6,71.0,1009.7
18.7,22.0,0.0,72.0,1011.2
19.5,23.2,0.0,67.0,1014.6
19.1,24.6,0.0,57.0,1019.2
18.3,23.4,3.0,57.0,1019.0
16.6,26.0,0.0,59.0,1015.9
18.4,27.7,0.0,64.0,1017.0
19.8,26.0,0.0,73.0,1015.7
19.8,27.2,0.0,81.0,1010.3
20.4,25.1,0.0,69.0,1014.9
19.6,22.4,0.0,71.0,1016.1
16.1,26.3,0.0,60.0,1012.8
19.7,28.8,0.0,83.0,1004.0
21.8,25.9,4.0,72.0,1006.0
19.9,26.4,0.0,50.0,1007.8
18.9,30.0,0.0,23.0,1001.3
15.0,20.9,0.0,58.0,1015.3
15.3,25.3,0.0,61.0,1014.1
19.1,22.7,49.4,74.0,1015.4
18.4,24.4,1.2,71.0,1018.9
18.1,25.3,11.0,72.0,1021.9
18.7,28.1,31.0,65.0,1021.1
20.5,26.1,1.2,75.0,1015.0
21.0,25.3,0.2,83.0,1017.0
21.0,26.6,0.0,66.0,1015.3
21.4,25.3,0.0,78.0,1015.5
20.4,24.3,0.2,68.0,1020.9
20.3,24.7,1.2,66.0,1020.4
20.1,23.9,0.6,79.0,1015.8
20.5,23.9,4.0,93.0,1012.4
20.6,26.0,25.4,83.0,1013.5
20.8,25.9,5.6,91.0,1016.2
21.1,27.1,27.2,76.0,1012.9
21.8,27.0,0.0,80.0,1008.7
20.8,28.2,2.2,70.0,1000.1
21.2,27.9,0.2,86.0,1007.6
18.5,19.4,12.6,92.0,1013.4
17.5,20.1,12.4,89.0,1010.0
16.9,21.2,25.4,92.0,1004.7
17.8,25.0,2.0,74.0,1003.9
18.7,25.5,0.2,77.0,1001.1
19.9,22.7,0.0,83.0,1002.7
19.9,23.3,0.8,78.0,1006.8
19.8,25.5,0.0,68.0,1011.5
19.8,25.7,0.2,70.0,1012.3
20.6,24.9,0.2,75.0,1009.9
17.8,24.4,18.0,79.0,1008.9
16.4,25.4,24.6,73.0,1014.0
19.0,25.0,0.8,75.0,1016.6
18.1,26.1,5.8,63.0,1020.1
19.6,24.7,0.6,63.0,1020.1
19.2,27.4,0.2,61.0,1018.5
17.9,26.6,0.0,73.0,1015.5
19.1,24.3,0.0,81.0,1016.7
19.8,27.3,0.0,75.0,1014.9
19.6,25.9,15.0,78.0,1010.5
18.7,22.4,34.0,88.0,1010.6
18.0,23.0,17.0,75.0,1015.6
18.2,26.6,0.0,69.0,1018.8
19.3,28.0,0.0,68.0,1022.9
19.3,27.5,0.2,70.0,1021.8
21.4,25.6,0.0,81.0,1018.7
20.4,25.1,0.0,76.0,1015.6
20.9,28.7,0.0,75.0,1011.5
20.8,23.9,0.0,82.0,1012.1
20.7,28.2,7.6,85.0,1002.3
18.8,20.8,13.8,92.0,1014.5
18.3,22.9,21.8,74.0,1017.9
18.9,24.6,0.0,83.0,1010.5
20.9,23.6,1.4,69.0,1014.0
20.0,22.3,0.2,73.0,1017.2
17.9,20.5,6.6,74.0,1014.8
14.7,22.4,17.4,75.0,1006.3
15.4,27.5,15.4,70.0,1008.3
17.8,25.6,0.0,76.0,1013.7
17.7,23.9,0.0,72.0,1017.2
19.8,25.2,0.0,71.0,1020.0
18.5,24.8,0.0,67.0,1020.3
18.4,25.3,0.0,77.0,1017.9
19.6,27.5,0.0,72.0,1014.9
19.5,26.4,0.0,76.0,1010.0
19.7,20.7,6.8,85.0,1014.7
18.1,21.4,4.4,80.0,1021.2
18.1,23.4,5.8,74.0,1021.8
20.3,24.7,0.4,63.0,1016.8
19.4,24.1,1.0,83.0,1005.9
18.9,21.6,0.0,85.0,1008.0
18.1,26.7,0.0,33.0,1002.0
12.8,21.8,0.0,49.0,1012.1
15.6,22.5,0.0,62.0,1020.9
17.1,24.3,6.2,66.0,1021.3
17.9,26.5,0.0,67.0,1022.0
19.2,26.4,0.0,67.0,1020.1
17.5,24.9,0.0,69.0,1016.6
17.7,23.6,3.4,68.0,1017.1
16.9,25.1,0.0,65.0,1017.1
16.7,24.8,0.0,58.0,1015.4
17.2,24.3,0.2,71.0,1014.8
18.0,26.3,0.0,70.0,1013.8
19.1,26.8,0.0,71.0,1016.3
20.8,27.2,0.0,63.0,1019.2
18.8,26.7,0.0,63.0,1017.4
18.0,28.6,0.0,79.0,1016.0
20.4,24.4,0.0,81.0,1013.9
13.6,22.3,0.6,47.0,1014.5
11.7,17.6,0.0,64.0,1024.5
12.6,17.9,3.6,83.0,1028.9
15.3,20.2,3.3872994195971327,73.0,1031.0
14.4,22.9,0.0,65.0,1028.7
16.3,24.2,0.0,73.0,1024.0
17.6,23.6,0.0,83.0,1022.3
18.2,21.9,0.6,81.0,1021.1
17.3,21.0,2.8,92.0,1019.9
17.8,20.7,61.8,93.0,1017.6
17.9,23.7,73.0,90.0,1015.3
18.3,26.3,0.8,76.0,1014.4
17.9,23.4,0.4,76.0,1012.7
17.6,23.8,0.0,82.0,1011.2
19.1,22.1,0.8,92.0,1012.2
17.0,24.9,5.2,59.0,1008.9
11.3,20.2,0.8,42.0,1008.8
13.6,20.2,0.0,64.0,1017.5
14.0,21.5,0.0,63.0,1020.5
15.4,20.9,0.0,74.0,1017.9
14.4,19.9,0.0,64.0,1020.7
12.6,20.7,1.0,51.0,1025.0
13.8,22.4,0.0,69.0,1023.3
13.9,23.2,0.0,70.0,1018.8
16.1,21.1,0.4,62.0,1017.6
12.7,19.6,0.0,64.0,1016.9
12.4,19.5,0.0,68.0,1013.0
10.5,19.4,0.0,49.0,1014.8
11.1,18.9,0.0,51.0,1015.8
10.9,20.8,0.0,50.0,1016.7
12.7,24.2,0.0,63.0,1019.2
14.6,25.5,0.0,71.0,1019.4
14.5,26.4,0.0,65.0,1014.4
14.8,19.6,0.0,47.0,1013.8
9.2,18.3,0.0,44.0,1012.2
9.3,16.7,0.0,61.0,1021.2
9.1,17.6,0.0,61.0,1021.9
11.9,18.3,0.0,62.0,1022.5
11.3,19.4,0.0,63.0,1022.2
11.6,21.6,0.0,67.0,1021.5
11.2,22.2,0.0,49.0,1020.6
11.3,17.6,0.0,84.0,1023.6
12.1,20.1,20.2,78.0,1021.9
11.9,19.9,0.0,45.0,1021.2
10.2,22.3,0.0,43.0,1020.8
10.6,19.1,0.0,86.0,1018.2
14.2,17.1,4.2,51.0,1010.0
10.4,17.6,0.0,50.0,1013.3
9.6,17.2,0.0,59.0,1019.2
11.7,17.1,9.4,69.0,1024.9
12.3,16.9,26.0,84.0,1030.3
12.7,17.9,6.0,62.0,1032.3
12.4,17.8,0.0,81.0,1030.6
13.1,16.6,0.2,85.0,1025.7
13.6,18.1,1.8,88.0,1018.2
14.9,16.3,19.8,94.0,1010.0
13.3,20.0,7.6,61.0,1000.8
8.6,16.6,0.2,57.0,1000.6
10.1,16.3,22.4,67.0,1016.2
10.2,15.4,23.0,67.0,1021.2
7.8,15.4,0.0,62.0,1024.0
8.4,16.2,0.2,66.0,1024.0
9.1,15.2,2.4,91.0,1023.1
10.0,17.5,27.8,91.0,1019.2
13.7,19.0,18.6,73.0,1017.5
12.6,18.3,16.8,88.0,1018.6
11.3,18.6,1.6,76.0,1016.6
10.8,19.2,0.2,75.0,1014.0
13.2,15.8,0.6,86.0,1014.6
10.1,18.5,1.8,49.0,1017.0
9.7,16.9,0.0,53.0,1019.9
8.6,18.4,0.0,55.0,1018.1
8.6,17.3,0.0,63.0,1018.2
9.9,18.4,0.0,61.0,1011.5
14.1,19.5,0.0,57.0,1008.0
8.1,15.6,0.0,44.0,1021.6
5.8,17.1,0.0,49.0,1026.7
7.5,18.1,0.0,51.0,1024.1
11.0,15.4,3.8,68.0,1028.9
11.1,16.8,1.6,62.0,1028.0
11.7,16.4,1.8,82.0,1020.9
11.7,18.2,2.0,81.0,1011.5
11.2,20.5,0.0,53.0,1011.5
10.3,15.9,0.0,47.0,1014.3
8.0,15.6,0.0,49.0,1015.7
7.0,14.7,0.0,53.0,1018.1
8.2,14.9,0.0,70.0,1024.6
9.3,14.7,12.2,78.0,1029.1
10.5,14.5,15.0,90.0,1030.9
8.8,15.4,7.8,73.0,1029.8
9.7,17.2,0.0,70.0,1028.4
10.2,18.4,0.2,76.0,1026.7
12.5,18.6,0.0,77.0,1020.8
12.7,19.9,4.2,63.0,1018.4
12.2,16.8,0.0,89.0,1013.5
14.3,18.8,1.2,85.0,1009.7
12.2,19.4,1.6,48.0,1010.6
9.4,17.8,0.0,46.0,1017.3
7.0,17.4,0.0,58.0,1026.0
8.6,20.2,0.0,48.0,1022.2
11.1,20.4,0.0,50.0,1015.6
8.9,14.9,0.0,83.0,1019.7
8.1,16.4,7.2,66.0,1024.0
11.0,16.5,1.4,61.0,1027.3
10.9,16.6,11.6,79.0,1026.5
11.7,16.8,2.4,70.0,1026.0
10.4,16.1,2.2,83.0,1025.3
9.6,18.3,0.4,62.0,1019.8
11.6,17.8,0.2,70.0,1011.9
9.4,16.9,0.4,50.0,1010.6
7.8,16.7,0.0,44.0,1015.9
8.7,16.0,0.0,58.0,1021.2
8.4,14.6,0.0,54.0,1021.7
7.8,14.2,7.0,63.0,1022.4
7.7,14.2,0.0,60.0,1019.6
8.0,15.4,0.0,55.0,1018.8
7.2,16.9,0.0,41.0,1014.8
8.6,19.3,0.0,39.0,1014.9
9.8,21.5,0.0,28.0,1011.9
10.9,19.4,0.0,52.0,1014.8
6.1,16.0,0.0,47.0,1021.8
7.0,20.5,0.0,36.0,1015.7
12.4,19.4,0.0,47.0,1010.2
7.7,14.8,0.0,85.0,1014.8
8.2,14.9,23.2,84.0,1018.8
10.0,14.8,23.4,75.0,1023.4
10.1,16.3,5.0,65.0,1023.0
8.7,17.8,0.0,61.0,1018.2
11.4,22.9,0.0,58.0,1012.2
10.8,17.7,0.0,54.0,1011.3
9.8,21.3,0.0,35.0,1003.0
9.7,17.3,0.0,47.0,1008.5
9.4,18.0,0.0,52.0,1019.3
8.0,16.6,0.0,61.0,1019.4
10.6,21.7,0.0,56.0,1016.1
11.6,22.4,0.0,72.0,1011.1
15.5,28.0,0.0,31.0,1006.2
12.7,19.6,8.8,28.0,1012.6
9.8,18.4,0.0,49.0,1015.6
7.5,18.2,0.0,50.0,1017.2
10.1,17.9,0.4,58.0,1022.5
9.6,19.9,0.0,69.0,1020.3
11.2,20.4,0.0,75.0,1011.6
13.9,23.5,0.0,27.0,1008.5
9.3,17.8,0.0,50.0,1013.8
6.8,15.4,0.2,59.0,1020.1
9.1,17.8,9.2,54.0,1020.4
9.8,21.0,0.0,57.0,1019.9
9.1,22.0,0.0,54.0,1019.8
11.1,25.6,0.0,28.0,1008.5
18.7,26.9,0.0,22.0,1005.8
13.7,23.9,0.0,25.0,1006.8
10.7,21.4,0.0,36.0,1012.9
10.2,19.4,0.0,58.0,1021.7
10.6,21.9,0.0,67.0,1020.6
12.5,18.3,0.0,77.0,1022.3
12.5,21.6,0.0,81.0,1016.2
13.9,26.6,0.0,83.0,1006.0
8.9,16.4,5.0,51.0,1017.4
9.2,18.2,0.0,64.0,1023.2
11.8,19.3,0.0,69.0,1016.8
12.8,17.9,0.0,81.0,1016.6
11.7,19.2,5.4,75.0,1013.8
12.4,19.7,10.0,67.0,1014.3
13.0,20.6,0.0,74.0,1015.0
14.8,22.7,0.0,71.0,1009.7
13.1,20.3,0.0,64.0,1013.1
13.0,21.5,0.0,77.0,1006.2
14.7,20.3,0.0,57.0,1010.4
12.7,19.2,0.6,63.0,1020.0
13.8,21.4,0.0,70.0,1018.9
12.9,22.588937457969067,0.0,80.0,1014.2
17.0,29.2,3.3872994195971327,37.0,1005.3
18.0,25.2,0.6,27.0,1006.4
8.6,20.3,0.0,46.0,1017.8
11.8,19.1,0.0,57.0,1025.8
12.7,20.1,1.0,57.0,1029.6
10.5,25.5,0.2,72.0,1020.7
14.4,29.7,0.0,54.0,1013.8
17.1,34.4,0.0,75.0,1011.9
17.0,19.1,0.0,74.0,1013.8
13.5,17.8,0.0,58.0,1013.6
14.1,19.0,0.0,62.0,1013.7
13.4,18.7,0.0,60.0,1011.2
10.8,22.3,2.2,62.0,1007.9
13.9,16.5,1.0,80.0,1004.4
9.3,15.8,0.4,71.0,1008.9
8.5,18.8,3.8,56.0,1019.1
12.1,19.6,1.4,61.0,1024.2
10.6,24.1,0.2,70.0,1021.4
14.0,31.3,0.0,57.0,1014.6
19.4,21.2,0.0,62.0,1016.6
16.8,22.8,0.0,58.0,1019.8
15.2,26.9,0.0,69.0,1011.8
16.2,32.9,0.0,70.0,1008.3
14.8,25.9,0.0,82.0,1010.4
16.3,20.6,0.0,65.0,1017.2
13.6,20.0,1.2,54.0,1026.4
12.6,23.4,0.0,61.0,1018.3
12.9,24.7,0.0,71.0,1006.2
17.7,22.2,0.0,67.0,1008.0
14.1,20.1,0.0,55.0,1016.4
15.7,20.1,0.0,50.0,1024.5
13.3,24.0,0.0,58.0,1021.6
15.2,25.5,0.0,60.0,1016.4
15.2,26.6,0.0,66.0,1013.5
15.8,32.0,0.0,39.0,1001.7
16.4,19.1,0.0,57.0,1015.2
15.9,21.5,0.0,65.0,1019.9
16.2,25.4,0.2,71.0,1016.9
16.5,26.5,0.0,76.0,1015.0
17.9,22.5,0.0,77.0,1012.1
18.4,23.7,0.0,73.0,1010.3
17.9,26.1,11.8,78.0,1011.6
18.1,23.3,35.4,86.0,1012.8
17.1,19.9,0.2,66.0,1022.4
16.0,22.1,0.0,50.0,1026.4
13.2,23.9,0.0,57.0,1020.0
15.5,20.2,0.0,70.0,1018.2
17.5,21.4,0.0,89.0,1017.2
17.4,25.6,0.2,74.0,1011.1
17.7,17.8,1.4,90.0,1010.3
15.9,22.0,19.8,56.0,1015.3
17.2,24.8,0.0,77.0,1008.7
14.2,22.1,0.0,54.0,1014.4
14.9,21.5,4.0,60.0,1021.3
15.0,23.3,0.0,77.0,1013.0
17.2,19.6,0.0,69.0,1016.3
17.2,22.2,0.0,63.0,1018.4
18.9,25.7,0.0,74.0,1015.1
18.3,28.1,0.0,80.0,1012.7
19.5,25.2,0.0,81.0,1012.8
19.6,25.6,1.8,85.0,1014.4
18.4,24.2,6.4,76.0,1016.2
20.2,28.6,1.6,72.0,1014.0
20.4,26.5,0.2,83.0,1011.1
20.6,25.4,0.0,76.0,1009.0
20.5,24.3,0.0,69.0,1014.4
19.3,25.2,0.0,62.0,1016.8
20.3,27.9,0.0,67.0,1014.4
20.2,28.9,0.0,74.0,1014.8
20.0,28.5,0.0,66.0,1019.6
21.4,28.2,0.0,75.0,1018.8
20.5,40.4,0.0,22.0,999.7
21.2,23.2,0.0,63.0,1001.6
20.2,25.5,0.0,67.0,1009.8
20.8,29.4,0.0,67.0,1006.3
21.4,34.8,0.0,77.0,1005.9
20.9,25.3,0.0,82.0,1007.9
17.9,21.7,11.2,62.0,1017.3
17.4,26.3,1.0,61.0,1016.4
18.0,27.3,0.0,69.0,1012.0
21.6,28.8,0.0,77.0,1008.1
21.6,44.0,0.0,26.0,998.7
21.4,23.2,3.4,71.0,1013.2
19.1,24.3,6.4,92.0,1015.7
19.9,26.8,3.6,66.0,1013.8
20.4,29.1,0.0,77.0,1007.8
20.9,22.8,1.0,83.0,1015.0
20.9,24.9,0.0,79.0,1015.6
21.4,27.6,0.0,74.0,1010.9
22.9,30.0,0.0,82.0,1011.1
20.2,22.2,30.6,95.0,1008.2
20.1,22.2,30.6,96.0,1007.2
20.0,24.7,83.4,87.0,1004.9
19.7,22.9,6.4,87.0,1014.5
21.0,27.7,0.6,80.0,1008.9
17.6,19.9,38.2,92.0,1014.0
17.3,22.8,40.4,75.0,1019.0
18.0,24.5,10.8,65.0,1019.7
21.0,25.1,0.0,65.0,1020.6
21.9,27.2,0.0,63.0,1019.9
20.9,28.7,0.0,58.0,1018.6
19.0,28.2,0.0,61.0,1017.7
19.4,28.5,0.0,60.0,1020.4
20.8,27.2,0.0,65.0,1019.3
19.0,28.6,0.0,64.0,1017.9
20.2,26.7,0.4,64.0,1019.6
20.1,26.3,0.4,57.0,1018.5
19.0,27.4,0.2,64.0,1011.5
18.9,25.3,0.0,79.0,1011.1
20.5,22.9,0.4,93.0,1015.5
19.2,28.0,13.0,72.0,1009.2
19.6,21.1,0.0,59.0,1014.5
14.2,21.6,0.2,61.0,1020.3
15.4,24.1,0.0,54.0,1022.9
16.9,27.0,0.0,60.0,1022.5
17.9,25.1,0.0,70.0,1015.2
21.2,32.3,0.0,52.0,1012.5
22.8,27.4,0.0,79.0,1013.6
21.5,29.1,0.0,73.0,1012.1
20.4,24.4,0.0,80.0,1017.5
21.8,28.7,0.0,72.0,1016.6
20.5,28.6,0.0,75.0,1016.2
20.5,27.5,0.0,75.0,1012.6
17.4,21.2,5.2,60.0,1017.4
15.4,24.5,0.0,56.0,1013.2
17.8,23.7,0.0,52.0,1010.6
16.2,24.4,5.2,68.0,1015.6
16.7,23.9,0.0,55.0,1013.7
17.1,20.9,4.2,72.0,1020.5
16.0,21.5,14.8,70.0,1026.6
17.1,23.6,3.2,53.0,1028.3
16.2,22.4,4.2,71.0,1024.7
15.3,23.0,0.0,60.0,1021.7
15.7,23.9,0.2,65.0,1023.3
16.3,23.5,0.0,75.0,1023.9
15.7,23.3,0.4,61.0,1021.6
15.3,26.2,0.0,62.0,1021.9
17.7,26.3,3.8,64.0,1022.9
16.8,26.8,0.0,66.0,1016.7
16.2,26.4,0.0,67.0,1011.3
17.1,27.2,0.0,72.0,1007.4
17.0,20.8,4.4,77.0,1012.8
15.1,21.9,1.4,71.0,1013.5
15.8,23.8,0.0,67.0,1011.9
15.2,19.6,0.0,46.0,1012.6
13.5,19.2,20.0,92.0,1012.9
12.2,19.4,37.8,62.0,1012.8
14.0,24.4,0.0,49.0,1007.3
13.3,23.0,0.0,53.0,1011.9
13.4,21.6,0.0,49.0,1016.1
13.4,21.3,0.0,49.0,1019.8
13.6,25.0,0.0,54.0,1019.4
14.8,25.6,0.0,55.0,1018.1
15.2,27.7,0.0,42.0,1016.5
15.3,24.6,0.0,80.0,1021.0
18.4,21.0,0.0,82.0,1022.0
17.2,27.9,0.0,58.0,1013.3
15.7,18.3,0.6,72.0,1025.0
12.1,22.8,0.0,60.0,1020.4
14.1,23.8,0.0,51.0,1017.5
13.5,17.9,0.0,59.0,1021.8
11.8,18.7,0.0,77.0,1024.1
13.3,20.1,2.6,76.0,1026.7
14.5,21.1,5.4,69.0,1028.2
14.9,21.5,0.0,65.0,1027.8
14.0,21.0,0.0,75.0,1028.2
15.8,20.8,6.8,82.0,1027.4
15.1,22.9,4.2,72.0,1022.6
13.8,21.8,0.2,69.0,1014.5
13.8,18.6,1.8,61.0,1011.1
9.6,20.7,3.8,44.0,1010.1
13.5,21.4,0.0,62.0,1008.3
11.7,19.7,0.0,37.0,1010.3
10.2,17.9,0.0,43.0,1012.1
8.8,17.9,0.0,42.0,1014.7
8.9,18.3,0.0,50.0,1015.4
12.2,22.7,0.0,38.0,1012.5
11.5,17.2,0.0,75.0,1009.2
11.8,18.9,17.2,88.0,1012.4
14.5,19.8,22.0,62.0,1016.3
12.7,19.1,0.6,67.0,1022.0
10.2,20.2,0.0,53.0,1023.1
11.3,18.7,0.0,73.0,1027.7
13.2,19.5,5.6,75.0,1030.0
14.5,20.9,0.8,61.0,1028.2
11.7,22.1,0.0,74.0,1026.3
12.2,23.2,0.0,72.0,1024.4
14.1,21.4,0.0,65.0,1015.0
15.1,15.8,7.0,86.0,1008.9
11.9,17.1,28.2,58.0,1019.2
10.5,18.3,0.0,68.0,1023.8
13.3,19.5,0.0,71.0,1022.0
13.0,20.4,0.0,70.0,1020.8
16.4,22.3,0.0,71.0,1018.4
13.7,18.9,3.4,61.0,1028.4
13.0,19.3,0.0,74.0,1024.6
12.3,21.7,0.2,75.0,1018.7
12.4,21.4,1.0,61.0,1017.6
13.1,16.5,0.0,92.0,1010.1
12.8,19.3,7.2,60.0,1005.0
11.8,18.7,0.0,56.0,1003.5
12.7,17.7,0.0,52.0,1009.8
10.8,16.6,0.0,54.0,1011.7
8.6,16.4,0.0,63.0,1007.9
8.5,16.8,0.0,57.0,1012.0
9.7,14.9,18.8,83.0,1020.5
9.6,15.1,5.0,85.0,1020.5
9.6,15.7,3.0,72.0,1018.8
8.3,15.1,5.8,79.0,1023.4
9.9,15.9,13.6,78.0,1025.6
10.2,15.6,126.4,76.0,1017.5
8.3,17.7,0.0,75.0,1014.6
9.8,18.6,1.0,75.0,1018.8
16.3,19.2,0.0,69.0,1020.1
12.9,17.3,7.6,89.0,1022.3
13.4,15.9,38.4,85.0,1021.9
12.3,16.4,47.2,86.0,1022.7
12.2,17.0,1.0,76.0,1021.6
10.1,17.9,0.0,71.0,1021.2
9.4,19.3,0.0,70.0,1020.9
11.6,21.6,0.0,55.0,1012.4
13.6,20.9,0.0,39.0,1011.0
7.6,16.8,0.0,40.0,1018.3
7.8,17.5,0.0,52.0,1026.0
8.4,16.9,0.0,49.0,1030.0
9.7,14.8,13.6,76.0,1032.8
9.6,14.5,3.3872994195971327,81.0,1031.4
9.3,16.9,0.0,70.0,1032.2
10.0,19.0,0.2,73.0,1027.4
10.4,17.1,0.0,72.0,1027.2
11.5,19.1,0.0,67.0,1025.7
12.6,17.6,1.4,77.0,1022.4
13.9,21.4,0.2,67.0,1022.5
14.1,22.2,0.0,67.0,1021.0
13.2,21.6,0.0,84.0,1019.8
15.8,21.4,0.0,86.0,1012.9
14.4,20.2,1.0,44.0,1005.7
8.2,16.5,0.0,34.0,1014.3
6.6,17.3,0.0,37.0,1016.9
8.1,16.5,0.0,47.0,1018.4
10.5,15.6,0.0,67.0,1025.6
10.5,18.0,0.0,54.0,1026.9
8.6,19.0,0.0,42.0,1023.6
9.5,18.1,0.0,65.0,1028.4
10.0,18.3,0.0,70.0,1026.2
11.3,21.0,0.2,70.0,1021.4
12.0,21.1,0.0,67.0,1017.8
12.8,17.5,22.0,65.0,1021.7
9.7,17.0,0.0,70.0,1020.3
10.7,20.0,0.0,44.0,1013.2
10.8,18.8,0.0,40.0,1012.3
10.2,19.4,0.0,40.0,1012.3
8.6,20.3,0.0,42.0,1014.1
10.2,22.5,0.0,36.0,1008.7
12.2,18.0,0.0,59.0,1009.2
9.4,13.8,16.6,87.0,1008.2
9.3,18.8,5.2,51.0,1014.6
12.3,22.3,0.0,42.0,1013.8
11.1,20.4,0.0,58.0,1013.7
12.7,26.3,0.0,41.0,1004.7
8.9,20.7,0.0,44.0,1012.7
11.4,20.8,0.0,38.0,1008.6
10.8,15.7,0.0,47.0,1019.7
7.4,19.4,0.0,57.0,1017.6
12.9,23.4,0.0,46.0,1007.0
10.6,22.5,0.0,35.0,1012.6
13.1,22.3,0.0,31.0,1006.7
7.9,15.9,0.0,28.0,1012.0
5.9,17.0,3.3872994195971327,46.0,1013.4
7.6,18.6,0.0,42.0,1010.9
11.4,19.6,0.0,45.0,1009.7
15.355480833893745,22.588937457969067,3.3872994195971327,67.52119784656797,1016.0133310946945
15.355480833893745,22.588937457969067,3.3872994195971327,67.52119784656797,1016.0133310946945
15.355480833893745,19.4,3.3872994195971327,60.0,1020.6
11.7,20.4,3.3872994195971327,59.0,1018.5
11.9,19.9,0.0,63.0,1020.1
12.6,21.2,0.0,73.0,1019.5
16.4,27.7,0.2,38.0,1011.4
14.7,23.2,0.0,71.0,1019.9
13.7,21.6,0.0,74.0,1026.8
13.2,23.0,0.0,61.0,1029.5
14.0,21.0,0.0,70.0,1031.6
12.8,22.0,0.0,66.0,1029.2
12.4,27.9,0.0,61.0,1023.7
15.9,23.6,0.0,77.0,1023.4
15.1,31.2,0.0,37.0,1018.4
17.2,20.6,0.2,79.0,1022.8
17.5,25.2,0.0,88.0,1014.5
17.7,30.3,0.0,33.0,1001.4
13.6,25.0,0.0,25.0,1008.6
11.9,21.5,0.0,48.0,1010.6
10.7,18.3,0.0,60.0,1018.0
12.8,23.0,4.4,81.0,1009.0
13.2,19.2,0.0,73.0,1016.1
14.4,18.5,0.2,86.0,1009.7
14.9,22.9,15.2,60.0,998.9
13.9,24.7,4.0,33.0,1000.7
14.2,23.4,0.0,26.0,1003.7
11.4,23.1,0.0,25.0,1005.7
11.0,19.8,0.0,53.0,1012.1
12.6,21.7,0.0,60.0,1012.0
13.2,24.3,0.4,71.0,1007.2
16.5,25.4,0.2,63.0,1000.8
15.9,26.2,0.0,69.0,1006.3
14.9,33.5,0.0,17.0,1005.5
12.4,22.4,0.0,47.0,1016.8
11.3,30.3,0.0,14.0,1005.8
14.9,22.1,0.0,52.0,1014.9
12.4,26.3,0.0,73.0,1010.7
17.2,30.9,0.0,42.0,1005.5
12.1,24.3,0.0,38.0,1008.1
14.7,19.8,0.0,69.0,1014.4
10.6,19.5,2.8,56.0,1019.0
11.4,26.4,0.0,67.0,1010.3
14.6,27.7,0.0,53.0,1005.7
17.3,19.3,0.0,62.0,1010.4
14.2,21.8,0.2,66.0,1015.0
11.9,26.5,0.0,41.0,1013.7
15.9,35.0,0.0,11.0,1004.3
17.6,21.6,2.0,59.0,1013.3
14.8,25.4,0.0,74.0,1009.5
17.8,35.3,0.0,8.0,996.8
13.4,17.6,8.4,55.0,1014.2
9.9,21.2,0.0,48.0,1019.3
11.5,25.9,0.0,65.0,1013.0
17.5,34.4,0.0,16.0,1003.0
14.2,20.3,0.0,51.0,1025.4
13.3,21.6,0.0,52.0,1024.7
15.8,24.9,0.0,75.0,1016.7
16.6,26.2,0.2,78.0,1012.2
19.2,25.5,0.0,75.0,1011.8
19.7,34.7,0.2,21.0,1002.3
16.9,26.1,0.0,24.0,1011.9
11.1,20.6,0.0,41.0,1019.4
12.8,21.0,0.0,63.0,1018.9
14.8,24.9,0.0,61.0,1020.0
18.8,23.2,0.0,65.0,1014.3
16.2,23.4,0.0,86.0,1007.7
13.9,20.5,18.2,60.0,1018.3
14.7,24.7,0.4,56.0,1019.1
17.1,22.2,0.0,64.0,1020.5
15.8,26.1,0.0,70.0,1012.5
16.1,34.2,0.0,20.0,1006.3
15.9,17.5,0.0,57.0,1023.4
15.7,19.8,0.0,66.0,1026.2
12.9,21.9,0.0,56.0,1019.8
14.6,25.9,0.0,73.0,1013.1
17.0,26.7,0.0,78.0,1006.8
20.0,28.7,0.0,81.0,1005.3
16.8,22.3,3.4,69.0,1016.0
15.8,19.7,59.2,84.0,1014.7
16.3,21.0,7.0,82.0,1011.6
15.7,24.6,7.0,70.0,1011.6
16.4,25.8,0.2,50.0,1011.4
16.4,24.7,0.0,60.0,1014.2
14.2,21.3,52.0,70.0,1013.6
15.0,19.1,20.4,94.0,1014.2
14.6,21.3,120.2,84.0,1009.4
16.0,22.5,8.6,76.0,1010.4
16.4,23.5,0.2,77.0,1010.9
19.4,26.7,0.2,71.0,1010.7
19.9,22.1,1.8,86.0,1007.2
18.3,22.8,9.4,83.0,1004.4
16.5,23.4,2.8,62.0,1004.7
16.7,23.6,0.2,74.0,1007.8
15.5,20.7,6.6,60.0,1015.9
14.7,23.2,0.0,56.0,1015.3
16.2,23.4,0.0,76.0,1005.5
19.5,20.8,3.2,86.0,1007.2
15.8,21.9,2.8,61.0,1019.1
15.5,22.5,0.4,67.0,1024.4
15.7,24.1,0.2,57.0,1019.8
15.9,25.0,0.0,63.0,1014.2
17.3,24.4,0.0,82.0,1001.5
19.3,27.0,6.2,30.0,996.2
12.3,21.2,0.0,51.0,1013.7
14.8,23.3,0.0,58.0,1018.5
18.5,26.4,0.0,62.0,1014.2
18.6,28.6,0.0,78.0,1004.2
21.6,32.3,0.0,67.0,1001.9
19.8,25.0,0.0,69.0,1005.3
18.2,24.9,0.0,68.0,1010.1
18.6,27.7,0.0,71.0,1010.0
20.0,23.3,0.0,77.0,1014.1
18.9,26.3,0.0,62.0,1017.3
19.5,26.5,0.0,65.0,1019.4
19.0,27.3,0.0,62.0,1019.9
19.9,26.8,0.0,61.0,1023.3
19.6,25.1,0.0,70.0,1019.4
19.4,24.8,0.0,78.0,1012.3
20.9,23.4,0.0,80.0,1015.6
21.1,26.5,0.0,81.0,1009.1
21.2,34.7,0.0,44.0,1005.2
18.5,21.1,6.4,76.0,1018.3
18.7,21.3,0.2,90.0,1016.3
19.2,23.0,15.8,76.0,1010.8
15.355480833893745,22.588937457969067,3.3872994195971327,67.52119784656797,1016.0133310946945
15.355480833893745,22.588937457969067,3.3872994195971327,67.52119784656797,1016.0133310946945
15.355480833893745,22.588937457969067,3.3872994195971327,67.52119784656797,1016.0133310946945
15.355480833893745,22.588937457969067,3.3872994195971327,67.52119784656797,1016.0133310946945
15.355480833893745,22.588937457969067,3.3872994195971327,67.52119784656797,1016.0133310946945
15.355480833893745,26.0,3.3872994195971327,54.0,1007.3
19.0,21.0,3.3872994195971327,70.0,1018.6
17.9,24.0,2.0,60.0,1022.1
19.3,28.1,0.0,58.0,1023.2
18.9,28.1,0.0,68.0,1019.3
18.6,28.8,0.0,71.0,1015.3
19.7,26.9,0.0,70.0,1017.0
20.3,26.4,0.0,58.0,1020.2
18.6,28.4,0.0,62.0,1020.1
20.6,27.9,0.0,74.0,1018.6
19.4,29.0,0.0,74.0,1016.5
19.6,29.0,0.0,73.0,1014.2
18.4,24.8,0.2,74.0,1009.7
19.0,26.3,0.0,73.0,1008.5
20.9,26.3,0.0,76.0,1007.6
20.6,24.2,0.8,83.0,1008.2
20.9,23.6,0.4,68.0,1018.9
19.7,24.2,0.4,68.0,1020.7
20.7,24.6,0.2,81.0,1008.2
19.4,23.1,5.4,60.0,1014.2
18.9,23.7,0.0,50.0,1023.9
17.2,28.0,0.0,56.0,1022.7
19.6,28.5,0.0,65.0,1018.7
19.3,28.6,0.0,67.0,1014.5
19.2,28.7,0.0,56.0,1017.1
18.0,24.2,0.0,68.0,1012.5
19.1,25.5,0.0,79.0,1012.7
20.6,29.0,0.0,60.0,1014.5
20.0,27.3,0.0,61.0,1012.6
19.2,25.6,0.0,91.0,1018.4
18.1,23.9,2.8,53.0,1021.7
16.7,24.2,0.0,58.0,1017.5
16.4,25.3,0.0,67.0,1015.8
17.7,28.1,0.0,62.0,1016.7
19.1,28.2,0.0,65.0,1015.8
19.5,25.2,0.0,77.0,1017.1
19.6,25.7,1.0,75.0,1014.6
20.6,27.7,0.0,70.0,1015.1
21.2,29.0,0.0,72.0,1011.1
20.0,23.7,3.4,86.0,1006.3
20.5,23.8,1.8,93.0,999.6
20.8,25.3,2.4,93.0,1001.0
19.3,25.4,29.2,65.0,1013.3
20.2,23.2,0.0,92.0,1010.1
19.6,25.9,0.4,90.0,1002.2
20.3,25.8,26.2,66.0,1008.3
19.5,24.2,0.0,62.0,1015.4
20.0,25.6,0.0,61.0,1019.1
18.9,24.0,0.4,69.0,1021.5
18.3,25.9,2.0,70.0,1018.3
20.4,28.4,0.0,66.0,1013.9
19.7,28.6,0.0,77.0,1010.6
21.0,24.3,9.0,84.0,1017.8
20.3,22.0,65.8,84.0,1021.0
18.6,22.2,19.8,83.0,1019.0
18.5,22.4,19.0,80.0,1019.9
19.1,24.5,4.8,80.0,1024.1
18.9,25.4,1.0,69.0,1023.8
17.9,26.9,0.0,74.0,1014.8
20.1,23.9,0.0,78.0,1018.0
20.0,28.0,0.0,70.0,1018.6
21.6,28.2,0.0,65.0,1021.2
19.1,27.3,0.0,60.0,1020.8
21.2,28.7,0.0,67.0,1021.6
19.8,27.5,0.0,60.0,1021.5
18.6,27.9,0.0,73.0,1015.4
19.4,24.0,0.6,76.0,1018.3
20.2,27.8,0.0,69.0,1014.6
18.9,25.4,0.2,77.0,1009.1
20.4,31.1,1.4,88.0,1005.2
15.2,25.8,8.6,50.0,1015.8
15.3,26.6,0.0,66.0,1019.4
17.8,23.9,0.0,80.0,1023.5
20.4,26.5,0.4,75.0,1024.3
19.9,25.4,4.8,79.0,1019.3
18.2,26.6,0.2,73.0,1015.2
20.2,26.1,0.0,79.0,1013.7
19.5,21.5,2.0,85.0,1014.5
17.4,23.1,29.0,77.0,1019.5
18.2,24.2,4.6,83.0,1021.0
20.1,21.6,9.8,93.0,1019.6
18.0,24.9,10.4,83.0,1013.5
18.5,23.3,8.0,75.0,1014.9
18.2,24.3,5.0,77.0,1019.2
18.4,25.1,3.8,68.0,1019.7
18.4,26.2,0.0,77.0,1017.7
18.8,25.7,0.0,73.0,1014.8
19.4,27.0,0.0,79.0,1015.2
20.6,21.8,0.4,86.0,1016.0
19.3,23.4,5.6,78.0,1016.6
18.6,21.7,0.8,89.0,1019.8
17.0,23.4,16.4,67.0,1022.9
17.4,24.2,0.0,57.0,1020.1
17.4,24.7,0.0,60.0,1018.0
18.3,23.2,0.0,74.0,1012.4
19.2,28.1,4.6,61.0,1002.9
17.9,21.4,6.2,82.0,1011.4
16.8,21.3,0.2,82.0,1015.4
15.3,19.1,3.2,90.0,1018.0
14.5,19.7,27.2,87.0,1018.0
15.5,21.3,21.8,72.0,1017.0
14.6,21.4,1.6,74.0,1017.2
14.1,24.1,0.0,55.0,1012.2
16.3,21.7,0.0,66.0,1014.3
14.3,23.0,0.0,66.0,1014.9
13.3,22.6,0.0,51.0,1018.4
13.8,25.1,0.0,43.0,1015.2
14.5,23.9,0.0,49.0,1015.0
15.2,28.6,0.0,47.0,1011.7
15.1,21.5,11.2,69.0,1019.1
15.0,23.2,8.0,68.0,1012.2
17.6,19.4,5.6,90.0,1022.4
15.2,20.2,16.4,76.0,1022.2
14.8,23.7,0.6,78.0,1013.7
18.1,23.1,4.4,70.0,1011.1
12.8,19.7,1.4,61.0,1013.8
13.8,21.9,0.0,49.0,1002.3
12.8,16.8,0.4,45.0,995.7
10.6,20.3,2.6,42.0,1004.0
8.3,19.5,0.0,45.0,1017.3
9.7,20.0,0.0,57.0,1018.3
12.9,19.1,0.0,61.0,1022.3
12.1,18.7,0.2,75.0,1023.5
12.4,20.6,28.4,73.0,1023.6
13.8,22.6,0.0,66.0,1020.4
15.3,22.0,3.0,71.0,1021.3
14.2,21.6,4.8,63.0,1027.8
14.7,21.4,22.2,70.0,1027.2
14.6,22.0,0.0,64.0,1026.2
12.6,21.8,0.0,69.0,1025.6
12.9,22.3,0.0,67.0,1027.0
13.4,23.1,0.2,62.0,1026.9
14.1,24.1,0.0,57.0,1025.6
14.4,24.9,0.0,49.0,1022.9
15.2,23.2,0.0,60.0,1020.0
15.5,21.6,0.0,78.0,1022.5
14.7,24.7,0.0,54.0,1019.0
14.3,25.5,0.0,58.0,1013.3
16.4,25.1,0.0,65.0,1013.8
17.1,24.0,0.8,68.0,1017.2
16.1,24.8,0.0,72.0,1021.0
17.5,22.9,0.0,73.0,1012.0
17.3,23.8,0.2,43.0,1013.7
12.4,20.7,0.0,83.0,1021.8
15.1,19.2,12.2,83.0,1024.6
15.3,20.3,5.6,72.0,1022.9
15.8,20.7,1.6,78.0,1017.4
13.1,21.3,8.0,59.0,1015.1
11.7,19.1,0.0,54.0,1016.5
10.4,20.3,3.3872994195971327,69.0,1022.8
14.1,17.8,14.8,94.0,1023.4
14.9,16.6,72.2,92.0,1023.2
11.6,17.9,68.0,78.0,1024.2
11.7,17.1,1.2,79.0,1025.4
10.0,17.8,5.2,83.0,1026.6
12.9,18.3,10.8,66.0,1026.5
11.7,18.4,1.4,67.0,1022.5
13.0,20.3,0.0,64.0,1019.1
11.7,18.9,0.0,72.0,1015.3
14.1,19.1,1.0,71.0,1009.4
10.7,16.9,1.6,63.0,1008.6
9.6,18.8,0.0,53.0,1018.7
9.6,18.2,0.0,52.0,1023.7
12.3,18.0,0.4,70.0,1027.9
12.9,19.6,0.0,67.0,1023.3
12.4,21.2,0.0,66.0,1015.6
12.8,19.9,0.0,48.0,1018.7
11.8,17.8,0.0,72.0,1019.9
11.6,17.1,0.0,65.0,1010.5
11.8,16.2,0.0,40.0,1005.5
12.0,18.7,0.0,40.0,1013.5
10.7,19.7,0.0,43.0,1018.4
10.6,18.7,0.0,64.0,1015.8
8.9,20.7,0.0,65.0,1000.8
10.3,15.3,0.0,45.0,1006.5
9.3,16.3,0.0,40.0,1015.8
7.0,16.6,0.0,49.0,1023.9
7.8,16.8,0.0,60.0,1025.1
7.7,17.1,0.0,70.0,1023.7
8.8,20.9,0.0,39.0,1017.0
10.5,18.1,0.0,36.0,1012.7
8.4,17.6,0.0,45.0,1011.0
7.5,17.1,0.0,46.0,1012.3
8.1,17.5,0.0,56.0,1012.3
8.8,18.8,0.0,63.0,1001.0
9.9,16.2,0.0,47.0,1006.3
9.2,18.2,0.0,41.0,1016.2
6.7,17.9,0.0,37.0,1017.2
7.5,14.7,3.0,71.0,1026.5
7.6,15.7,1.8,78.0,1028.7
10.1,15.9,0.0,84.0,1021.2
12.5,18.5,1.4,49.0,1011.2
9.6,18.4,0.2,45.0,1009.7
7.6,15.6,0.0,38.0,1011.0
9.1,14.8,0.0,69.0,1020.2
9.7,15.5,5.4,81.0,1024.4
9.9,16.2,0.8,76.0,1023.0
9.6,16.3,0.4,74.0,1022.0
10.0,17.8,0.0,73.0,1021.6
10.4,16.8,0.2,75.0,1019.6
10.9,18.3,0.0,76.0,1020.9
13.8,16.7,7.0,80.0,1021.0
9.3,17.9,5.2,55.0,1021.6
9.6,19.6,0.0,41.0,1018.2
11.0,21.4,0.0,36.0,1015.1
12.9,22.8,0.0,42.0,1015.4
11.6,23.5,0.0,30.0,1009.0
13.5,20.4,0.0,32.0,1009.0
6.7,13.9,0.0,54.0,1026.6
7.2,15.2,3.2,65.0,1031.9
8.5,17.2,0.0,69.0,1030.6
9.0,18.1,0.0,62.0,1029.8
9.6,18.7,0.0,57.0,1026.4
8.6,16.9,0.0,64.0,1027.7
9.2,16.4,0.0,77.0,1029.5
11.4,19.7,0.0,59.0,1024.9
10.6,18.2,0.0,49.0,1019.0
8.3,13.4,0.0,59.0,1024.5
8.1,14.2,7.8,74.0,1027.7
9.5,15.1,27.2,70.0,1031.8
7.6,16.3,0.0,68.0,1032.3
10.0,16.9,0.0,73.0,1026.5
11.6,16.7,1.0,87.0,1018.6
13.6,19.8,31.4,48.0,1004.3
10.8,16.4,0.4,93.0,1003.4
12.1,16.8,31.0,86.0,1015.3
10.9,15.2,15.2,75.0,1023.9
10.9,16.8,2.6,91.0,1026.2
11.6,16.8,22.8,76.0,1028.5
10.9,17.8,8.4,83.0,1028.4
11.4,18.1,5.2,77.0,1026.4
11.8,19.9,0.2,74.0,1022.3
12.2,17.6,29.6,91.0,1021.6
13.4,18.4,16.2,74.0,1022.2
13.0,18.4,9.8,63.0,1024.4
10.8,16.4,1.0,73.0,1022.9
11.7,16.6,5.0,85.0,1020.6
12.5,18.5,0.2,73.0,1017.4
11.3,23.9,0.0,61.0,1011.3
14.9,16.0,0.0,81.0,1007.3
9.5,15.5,6.4,59.0,1011.0
10.9,15.8,0.0,70.0,1014.4
10.2,16.3,2.0,81.0,1020.7
12.0,18.0,10.6,79.0,1027.6
11.6,17.1,6.8,76.0,1028.0
11.8,20.5,3.2,69.0,1024.3
13.4,19.6,0.0,80.0,1013.8
13.9,23.2,6.8,64.0,1008.9
11.5,23.7,0.0,63.0,1014.3
14.2,19.1,2.4,74.0,1023.9
13.9,19.1,3.3872994195971327,79.0,1023.2
12.8,22.2,0.2,81.0,1015.4
13.6,20.3,2.6,67.0,1015.1
16.3,22.8,0.6,79.0,1005.2
13.5,22.3,0.2,32.0,1009.9
10.9,17.4,0.0,51.0,1016.6
9.4,19.4,0.0,47.0,1018.9
10.3,18.0,0.0,65.0,1023.2
11.5,18.6,3.8,69.0,1027.4
12.4,20.5,1.8,59.0,1028.8
12.4,22.1,0.0,65.0,1026.6
13.1,22.9,0.0,74.0,1017.0
15.8,23.7,0.4,80.0,1009.6
15.8,18.5,0.6,70.0,1015.5
13.7,19.4,3.6,66.0,1019.2
13.0,22.8,0.0,70.0,1017.0
14.4,29.1,0.0,44.0,1011.5
16.1,28.6,0.0,38.0,1008.4
16.4,19.0,0.0,46.0,1018.3
11.5,23.2,0.0,60.0,1017.4
15.7,21.2,0.0,68.0,1019.3
17.4,23.8,0.0,79.0,1015.6
14.6,31.1,0.0,51.0,1013.3
17.9,25.9,0.2,75.0,1013.1
18.6,29.0,0.0,66.0,1009.0
15.5,19.4,4.6,79.0,1018.4
15.7,22.7,0.8,57.0,1020.7
14.7,22.6,0.0,74.0,1015.4
15.4,22.2,0.0,74.0,1014.6
16.0,25.3,0.2,78.0,1013.7
17.9,26.6,0.0,69.0,1005.9
13.9,17.8,9.6,53.0,1008.6
9.7,16.1,56.2,65.0,1013.2
10.4,21.4,1.0,57.0,1016.0
12.5,18.7,0.0,77.0,1024.3
12.5,21.1,1.8,47.0,1027.4
12.8,22.8,0.0,71.0,1023.3
14.5,19.8,0.0,88.0,1028.9
15.5,18.6,1.2,62.0,1030.6
14.5,23.4,0.0,62.0,1022.5
14.4,25.0,0.0,78.0,1015.7
18.1,24.6,0.0,86.0,1015.4
18.3,24.8,0.2,84.0,1013.5
18.7,25.4,0.0,75.0,1006.9
17.9,30.4,0.0,83.0,1003.6
15.6,26.2,0.0,68.0,1009.2
16.3,23.5,0.0,68.0,1015.8
15.4,24.9,0.0,73.0,1012.3
16.1,27.9,0.0,79.0,1008.4
20.1,34.8,0.2,35.0,997.8
14.2,21.5,1.2,44.0,1017.3
15.3,23.6,0.2,53.0,1023.4
16.4,24.3,0.0,69.0,1019.8
17.1,24.4,0.0,78.0,1012.3
15.1,19.9,10.0,77.0,1013.5
15.2,22.1,0.0,65.0,1019.8
15.1,25.6,0.0,66.0,1019.4
16.1,22.0,0.0,80.0,1017.7
18.1,22.0,0.0,82.0,1016.0
17.2,23.9,0.0,72.0,1019.2
17.4,22.8,0.0,60.0,1016.6
17.7,25.6,0.0,67.0,1015.9
17.5,24.9,0.0,75.0,1007.2
18.8,22.0,0.0,80.0,1009.4
16.9,28.8,2.4,37.0,1002.2
15.9,24.2,1.4,58.0,1012.3
19.0,23.0,0.0,79.0,1015.5
18.6,23.6,0.0,66.0,1019.2
18.4,28.2,0.0,74.0,1008.9
20.5,38.1,0.0,74.0,1003.8
19.3,24.6,0.0,71.0,1012.0
19.9,29.8,0.0,83.0,1008.1
20.9,26.9,0.0,73.0,1007.6
21.5,25.5,9.4,78.0,1016.1
18.6,23.3,0.0,77.0,1016.9
19.6,23.3,0.0,73.0,1021.5
18.7,23.7,0.0,54.0,1021.4
19.3,27.7,0.0,66.0,1015.5
18.1,27.1,0.0,70.0,1011.9
19.1,27.9,1.2,81.0,1008.0
18.9,28.4,3.2,79.0,1009.4
20.4,29.2,1.4,81.0,1009.5
20.0,23.5,4.0,88.0,1009.5
19.5,28.1,0.6,68.0,1005.7
18.1,27.9,10.8,76.0,1004.2
19.2,28.0,0.6,79.0,1003.2
19.4,26.2,6.4,85.0,1005.7
20.1,25.8,0.2,76.0,1013.8
19.6,26.6,0.0,77.0,1011.4
20.6,23.4,13.8,88.0,1007.2
17.9,21.0,1.6,69.0,1017.1
16.3,23.6,0.4,64.0,1016.4
16.6,24.0,0.0,63.0,1010.9
17.5,28.1,0.0,60.0,1011.1
19.0,25.0,0.0,80.0,1001.3
20.3,22.2,0.0,66.0,1007.5
20.1,26.4,0.0,81.0,1005.9
19.2,22.8,0.0,63.0,1012.7
18.3,23.8,0.0,52.0,1016.7
18.3,28.0,0.0,65.0,1016.3
19.6,26.0,0.0,79.0,1014.5
19.3,23.5,3.0,86.0,1013.2
19.4,24.5,1.4,89.0,1013.6
19.3,28.7,0.4,78.0,1005.9
19.8,26.5,20.8,80.0,1010.5
19.1,22.8,0.0,66.0,1020.4
19.0,23.6,0.2,74.0,1016.2
18.4,24.6,0.2,81.0,1005.1
20.5,26.9,0.0,64.0,1005.1
20.3,24.6,0.0,72.0,1014.6
20.8,28.5,0.0,80.0,1011.5
21.0,24.6,9.6,87.0,1017.3
20.8,29.4,0.0,74.0,1017.4
21.6,28.9,0.0,78.0,1012.8
21.4,25.4,0.0,87.0,1018.5
21.4,27.4,1.8,75.0,1019.8
21.3,30.4,0.2,64.0,1018.3
21.4,29.6,0.0,74.0,1011.8
21.0,29.7,0.0,77.0,1007.8
20.6,27.3,0.0,84.0,1009.3
20.6,21.9,6.4,99.0,1011.6
20.4,22.4,6.0,95.0,1012.2
19.4,27.5,4.8,81.0,1006.2
21.4,34.9,1.8,36.0,997.0
21.1,26.7,0.0,70.0,1004.2
21.6,28.0,0.0,73.0,1006.0
20.6,32.7,0.0,55.0,1005.5
22.0,27.9,0.0,70.0,1009.7
20.3,22.0,11.8,95.0,1014.8
18.4,26.2,15.8,78.0,1011.5
19.5,28.1,1.0,77.0,1010.4
21.3,28.5,0.0,71.0,1012.0
21.9,28.1,0.0,77.0,1007.3
21.6,30.5,0.0,69.0,1005.5
21.1,32.2,0.0,61.0,1001.8
20.7,22.3,1.2,88.0,1012.1
19.3,21.5,8.4,85.0,1011.4
17.1,21.0,89.0,81.0,1012.6
15.2,21.4,10.0,56.0,1010.4
14.6,25.1,0.0,59.0,1005.8
16.7,24.9,0.0,56.0,1006.0
20.3,25.7,0.0,69.0,1009.1
18.5,23.2,2.4,76.0,1015.0
19.1,25.9,23.4,65.0,1017.3
16.9,23.4,0.0,72.0,1015.4
19.4,25.4,0.8,60.0,1023.8
20.2,26.0,0.0,55.0,1026.1
19.1,27.8,0.2,56.0,1022.3
19.1,31.8,0.0,71.0,1017.2
23.0,27.5,0.0,75.0,1023.2
22.7,30.0,0.0,67.0,1023.1
21.6,27.5,2.0,70.0,1021.1
22.9,30.8,0.2,71.0,1020.3
22.2,28.0,0.0,64.0,1022.7
21.6,30.1,0.0,65.0,1020.1
21.1,30.6,0.0,69.0,1014.5
21.0,29.1,0.0,69.0,1015.8
20.6,29.3,0.0,66.0,1017.5
19.9,29.3,0.0,66.0,1019.1
20.3,28.9,0.0,78.0,1019.5
20.8,24.5,0.0,86.0,1016.4
19.8,24.5,14.0,83.0,1015.6
20.1,25.7,9.6,82.0,1016.5
20.6,26.5,10.8,81.0,1014.5
21.2,25.1,0.2,88.0,1014.4
20.2,25.7,0.4,85.0,1013.2
19.7,26.0,28.8,80.0,1007.5
20.1,26.8,1.6,77.0,1009.3
19.8,28.9,1.6,70.0,1008.9
21.1,30.3,0.2,77.0,1003.8
19.6,23.0,10.8,66.0,1017.2
17.7,28.1,0.0,65.0,1013.2
22.0,27.6,0.0,81.0,1009.9
20.4,28.3,0.0,73.0,1007.2
16.5,27.6,0.2,52.0,1004.5
20.3,27.9,0.0,67.0,1010.0
20.1,25.5,0.0,85.0,1009.2
20.5,27.0,0.0,77.0,1010.4
21.7,27.2,0.0,75.0,1016.3
21.2,28.0,0.0,80.0,1013.9
19.8,25.4,2.0,82.0,1012.9
20.3,23.3,1.8,69.0,1018.8
16.4,24.5,1.0,53.0,1015.2
17.3,23.5,0.2,75.0,1011.7
18.8,23.6,8.0,60.0,1015.5
15.9,24.3,0.0,68.0,1012.3
20.0,28.0,0.0,73.0,1002.9
21.0,26.1,12.0,81.0,1010.6
19.4,30.0,0.0,87.0,1010.8
19.5,23.1,4.2,70.0,1024.2
19.1,23.0,2.2,95.0,1021.6
19.1,25.9,3.6,79.0,1014.1
20.5,26.9,0.0,86.0,1009.8
16.5,22.6,46.8,74.0,1016.2
18.1,27.4,0.0,66.0,1015.2
13.0,24.3,0.0,41.0,1017.7
14.5,22.7,0.0,60.0,1021.8
17.3,26.9,0.0,65.0,1021.4
18.8,24.5,0.0,78.0,1022.6
18.4,23.5,5.6,82.0,1024.6
18.2,27.4,4.2,71.0,1020.8
18.7,26.8,0.0,80.0,1016.6
19.9,21.2,0.0,82.0,1021.7
17.7,19.4,39.0,100.0,1015.1
16.1,22.9,37.0,73.0,1005.9
16.0,25.7,0.0,69.0,1006.2
15.2,25.1,3.8,58.0,1007.3
13.9,22.9,4.2,51.0,1013.2
16.4,20.2,0.2,62.0,1019.7
14.9,20.3,0.0,79.0,1022.4
15.4,22.5,4.8,75.0,1019.6
15.6,22.1,0.0,82.0,1017.1
14.6,20.2,1.6,72.0,1021.0
14.4,22.2,0.0,64.0,1021.5
16.2,25.7,0.0,78.0,1022.0
18.2,27.4,2.0,77.0,1019.7
20.6,24.1,0.0,86.0,1020.9
19.9,24.2,0.0,81.0,1014.9
18.3,21.5,3.0,84.0,1018.7
13.2,18.7,23.6,95.0,1018.4
16.0,19.7,61.4,96.0,1013.2
14.8,19.4,76.2,94.0,1009.6
14.9,20.5,19.4,86.0,1009.7
15.3,25.4,0.0,61.0,1004.9
16.4,25.9,0.0,64.0,1005.0
12.3,18.0,22.4,86.0,1009.7
12.6,18.1,0.6,57.0,1018.6
13.0,18.6,0.0,73.0,1024.0
12.5,18.1,3.3872994195971327,82.0,1028.2
14.7,19.1,18.0,83.0,1027.6
15.1,21.3,15.4,88.0,1023.3
16.6,21.9,5.6,98.0,1015.2
18.6,20.4,39.2,100.0,1012.3
17.3,20.1,15.2,90.0,1013.1
15.5,25.7,0.2,52.0,1005.1
13.6,20.2,0.2,39.0,1013.1
11.1,20.4,0.0,43.0,1015.1
9.8,19.5,0.0,45.0,1016.5
10.0,20.7,0.0,48.0,1014.2
11.5,20.7,0.0,37.0,1007.6
15.2,21.0,0.0,48.0,1009.9
12.3,22.1,0.0,42.0,1010.5
12.9,17.3,0.0,39.0,1016.3
7.7,17.1,0.0,44.0,1024.5
11.9,18.4,0.0,77.0,1030.2
13.8,17.8,7.0,89.0,1032.8
12.6,18.6,0.8,85.0,1032.0
14.1,17.5,0.0,96.0,1027.4
14.4,20.0,2.8,87.0,1015.6
15.5,24.9,0.0,62.0,1013.6
14.9,20.3,3.0,66.0,1016.3
13.5,17.5,2.4,77.0,1017.6
11.6,17.1,24.4,75.0,1027.3
10.5,17.1,0.6,68.0,1030.8
11.4,20.1,0.0,67.0,1028.2
11.0,18.3,0.0,65.0,1026.6
12.2,20.8,0.0,61.0,1021.9
12.4,22.8,0.0,70.0,1020.3
16.3,20.0,0.4,85.0,1020.0
13.6,20.5,0.2,62.0,1017.7
12.7,15.2,0.6,91.0,1012.6
10.4,14.5,1.4,39.0,1016.8
7.3,15.3,0.0,59.0,1022.1
8.5,16.6,0.0,66.0,1020.5
9.4,19.5,0.0,51.0,1018.0
8.6,14.5,0.6,69.0,1019.1
9.8,18.8,0.0,71.0,1027.3
11.8,19.8,0.0,66.0,1024.5
13.1,22.0,0.0,60.0,1020.5
13.8,22.9,0.0,39.0,1019.6
12.7,16.8,6.2,96.0,1030.7
12.2,17.6,7.8,88.0,1034.1
12.7,17.5,2.2,72.0,1031.3
13.2,20.4,0.0,63.0,1027.1
10.9,18.4,0.2,71.0,1025.3
12.4,19.1,2.4,96.0,1024.9
14.1,19.1,9.4,97.0,1019.3
15.0,16.6,10.4,98.0,1009.5
11.0,18.6,2.0,85.0,1013.0
10.3,13.7,7.4,95.0,1016.9
9.5,14.5,28.6,65.0,1022.9
9.8,16.2,3.8,78.0,1027.2
10.1,18.0,1.8,62.0,1026.3
9.6,19.4,0.0,61.0,1023.7
12.3,20.6,0.0,65.0,1020.2
13.8,18.5,0.0,84.0,1022.8
13.9,17.2,3.6,69.0,1030.9
10.8,20.3,0.0,68.0,1028.9
9.6,16.6,0.2,76.0,1030.9
11.6,18.6,0.0,74.0,1029.9
10.9,18.8,0.2,83.0,1025.1
12.0,16.5,0.6,72.0,1022.5
6.7,16.0,0.0,51.0,1017.5
8.0,15.1,0.0,68.0,1024.3
7.0,16.8,0.0,35.0,1019.9
7.4,19.1,0.0,50.0,1018.2
8.8,17.3,0.0,37.0,1013.3
8.0,15.1,0.0,91.0,1021.0
8.8,14.9,10.0,72.0,1027.1
8.2,16.1,0.0,76.0,1026.8
9.3,19.4,0.0,74.0,1018.5
10.1,20.1,0.4,59.0,1009.9
8.4,14.2,2.8,65.0,1002.8
8.2,17.3,0.8,51.0,1003.2
9.1,16.5,2.2,42.0,1011.0
6.9,16.1,0.0,53.0,1016.1
9.4,14.5,0.0,60.0,1013.3
6.6,13.2,0.0,61.0,1012.5
7.9,13.9,0.2,78.0,1026.0
8.8,15.4,9.0,82.0,1030.4
9.3,16.5,10.8,75.0,1031.7
10.8,19.3,2.0,72.0,1029.6
10.6,16.1,0.0,76.0,1025.5
11.7,17.9,0.4,74.0,1023.2
11.9,19.5,0.8,85.0,1015.0
11.6,20.3,1.6,37.0,1016.3
11.0,19.9,0.0,41.0,1013.5
7.5,15.2,0.0,35.0,1024.5
6.8,15.7,0.0,53.0,1030.7
8.1,16.3,0.0,68.0,1030.4
9.4,20.1,0.0,44.0,1020.9
12.7,20.0,0.0,50.0,1019.7
10.2,22.9,0.0,34.0,1016.1
14.3,27.8,0.0,36.0,1010.4
10.7,19.3,0.0,34.0,1013.5
8.7,13.6,0.0,65.0,1019.2
4.6,14.0,0.0,48.0,1010.8
6.8,15.8,0.0,49.0,1016.6
6.8,16.3,0.0,54.0,1020.9
8.6,15.6,0.0,66.0,1021.9
8.1,17.8,0.0,61.0,1019.6
9.3,20.6,0.0,40.0,1013.3
10.4,20.9,0.0,51.0,1011.0
8.4,17.8,0.0,44.0,1004.4
9.0,19.2,0.0,31.0,1014.7
7.9,17.9,0.0,50.0,1023.6
9.3,16.7,0.0,81.0,1028.4
10.7,20.2,0.0,70.0,1021.7
10.1,20.8,0.0,46.0,1013.5
9.8,15.2,0.0,61.0,1020.7
9.5,19.2,0.0,58.0,1024.8
11.4,20.1,0.0,69.0,1024.9
11.3,22.6,0.0,78.0,1021.4
14.4,25.2,0.0,55.0,1017.3
15.0,16.8,7.4,95.0,1018.2
15.0,17.9,7.6,100.0,1016.0
13.9,20.8,3.3872994195971327,88.0,1013.7
13.2,18.1,3.3872994195971327,81.0,1017.7
12.6,19.4,3.3872994195971327,61.0,1016.2
11.1,19.0,2.8,54.0,1019.2
9.6,19.5,0.0,63.0,1018.1
8.7,16.6,0.0,62.0,1017.3
10.4,17.4,1.4,65.0,1013.7
9.3,18.1,3.3872994195971327,54.0,1013.4
9.3,20.3,3.3872994195971327,54.0,1012.2
12.7,19.5,3.3872994195971327,49.0,1005.8
12.8,17.0,3.3872994195971327,76.0,1020.3
12.3,20.2,3.3872994195971327,57.0,1019.3
13.5,19.2,3.3872994195971327,80.0,1021.8
11.5,24.4,3.3872994195971327,40.0,1014.1
9.1,19.5,3.3872994195971327,37.0,1015.8
9.7,17.8,3.3872994195971327,62.0,1021.5
12.2,17.7,3.3872994195971327,65.0,1029.6
13.4,22.3,3.3872994195971327,57.0,1028.2
11.5,21.5,0.0,69.0,1024.8
14.0,21.5,0.0,76.0,1025.1
13.6,21.9,0.0,78.0,1020.8
15.2,27.9,0.0,36.0,1011.7
15.355480833893745,22.588937457969067,3.3872994195971327,61.0,1014.7
13.5,17.8,3.3872994195971327,87.0,1017.7
13.6,19.6,7.4,65.0,1024.6
13.1,19.5,1.2,87.0,1023.6
13.8,18.5,11.8,85.0,1021.2
12.4,23.6,5.6,81.0,1015.6
14.4,19.4,0.2,69.0,1016.5
8.6,14.7,14.2,76.0,1023.9
8.3,15.9,16.0,74.0,1023.5
10.7,17.6,23.0,82.0,1026.1
11.6,18.8,2.8,69.0,1024.8
12.4,17.1,8.4,72.0,1020.6
10.5,20.7,2.2,49.0,1017.7
12.5,23.5,0.0,69.0,1016.2
14.6,21.5,0.0,74.0,1020.9
15.6,25.6,1.4,79.0,1023.1
17.3,23.6,0.0,66.0,1032.5
14.2,27.4,0.0,86.0,1025.1
17.7,34.2,0.0,25.0,1021.9
16.9,29.9,0.0,41.0,1021.5
16.9,28.4,0.0,72.0,1019.6
19.0,19.7,0.0,77.0,1032.5
17.0,20.5,0.0,67.0,1035.6
17.2,24.7,0.0,68.0,1029.8
15.2,25.8,0.0,72.0,1025.7
14.9,26.8,0.0,79.0,1018.2
16.1,26.0,6.6,79.0,1012.2
19.3,23.1,0.4,80.0,1021.6
18.8,26.3,0.8,68.0,1025.3
16.7,24.4,0.2,80.0,1022.3
17.2,23.0,0.0,85.0,1019.1
18.3,24.2,0.2,80.0,1021.3
19.3,21.8,0.2,77.0,1027.6
18.6,25.9,2.8,73.0,1022.6
17.6,25.8,0.0,83.0,1016.4
18.5,29.0,0.0,82.0,1011.1
17.7,24.6,4.0,95.0,1009.5
14.5,19.8,18.4,57.0,1021.0
13.7,24.2,0.2,66.0,1021.2
15.0,25.5,0.0,77.0,1017.9
17.7,30.5,0.0,77.0,1014.8
16.1,18.6,36.0,66.0,1024.7
14.4,21.2,0.0,49.0,1022.5
14.4,24.0,0.0,56.0,1022.2
14.9,25.0,0.0,60.0,1021.1
17.7,26.4,0.0,82.0,1018.7
17.0,23.4,0.0,82.0,1010.9
18.9,26.9,3.0,85.0,1009.2
19.0,19.6,6.2,100.0,1015.4
17.9,20.2,20.6,99.0,1015.4
17.1,22.6,5.8,95.0,1010.2
17.7,25.1,2.0,100.0,1005.8
18.1,23.5,15.4,84.0,1011.7
15.7,20.3,5.6,84.0,1019.6
14.8,22.8,1.6,64.0,1017.8
15.6,25.8,0.0,71.0,1013.8
18.3,24.7,0.0,73.0,1020.2
19.0,23.9,0.0,76.0,1017.1
18.2,27.4,3.8,70.0,1009.4
16.6,22.2,27.2,85.0,1012.2
16.2,20.2,9.2,93.0,1017.2
14.7,21.5,9.8,67.0,1018.1
15.0,26.3,0.0,68.0,1016.6
16.7,35.8,0.0,24.0,1010.4
18.8,27.4,0.0,89.0,1012.7
20.3,40.3,0.0,16.0,1007.2
20.1,22.0,0.0,73.0,1016.6
17.8,23.0,0.2,69.0,1016.5
16.7,26.1,0.0,81.0,1010.4
19.5,27.4,0.0,71.0,1014.6
17.5,30.9,0.0,81.0,1007.8
20.8,39.3,0.0,12.0,999.2
18.4,24.1,0.0,64.0,1013.9
19.2,23.0,0.0,72.0,1016.0
19.7,25.1,0.0,87.0,1009.6
18.4,24.1,0.0,84.0,1009.0
18.0,28.6,0.2,84.0,1007.2
18.8,21.0,0.4,86.0,1015.6
17.7,23.3,0.0,57.0,1025.9
15.8,23.7,0.0,58.0,1024.1
15.6,26.7,0.0,62.0,1019.2
16.8,27.3,0.0,63.0,1018.0
19.2,26.4,0.0,74.0,1020.3
19.9,27.8,0.0,91.0,1015.9
19.4,26.1,0.4,88.0,1012.5
18.9,24.5,7.4,95.0,1011.7
19.0,36.5,0.2,17.0,1000.6
18.5,23.9,0.2,69.0,1014.7
18.6,24.1,0.0,72.0,1016.4
17.7,27.5,0.0,76.0,1013.5
19.0,27.9,0.0,78.0,1012.1
19.4,25.3,0.2,97.0,1017.0
17.3,25.9,13.6,72.0,1016.8
18.1,28.1,0.0,75.0,1014.5
18.4,28.4,0.0,75.0,1013.3
18.5,25.4,0.0,82.0,1009.3
19.4,25.8,0.2,92.0,1015.9
17.9,19.6,39.8,92.0,1020.9
17.1,22.3,28.0,96.0,1017.5
17.9,23.4,8.8,82.0,1018.5
19.5,25.8,0.0,74.0,1015.4
18.8,24.2,0.6,92.0,1005.9
18.0,20.6,6.8,70.0,1017.9
16.4,20.9,2.8,80.0,1022.4
16.5,22.6,5.4,63.0,1020.7
15.0,24.6,0.0,65.0,1018.6
17.5,25.1,0.0,72.0,1017.2
17.9,24.9,0.0,62.0,1014.0
18.0,25.3,0.0,67.0,1012.1
19.1,23.6,0.0,73.0,1014.1
18.7,25.3,15.0,75.0,1015.2
19.1,21.1,15.8,95.0,1013.3
18.6,19.9,82.8,100.0,1009.3
16.7,21.6,28.8,85.0,1014.4
15.8,25.6,3.3872994195971327,61.0,1019.0
18.2,24.1,0.0,68.0,1019.2
18.9,28.3,0.0,68.0,1017.9
19.5,26.4,0.0,85.0,1009.8
21.8,33.4,2.4,87.0,1011.2
21.5,28.0,0.0,74.0,1016.5
22.2,37.5,0.0,68.0,1008.5
15.9,21.9,26.6,81.0,1022.4
14.8,24.1,13.4,60.0,1025.1
17.9,21.6,1.4,92.0,1022.8
17.1,26.1,2.8,62.0,1018.0
18.1,29.3,0.0,75.0,1013.7
20.8,31.2,0.0,73.0,1010.2
22.9,28.1,0.0,83.0,1008.0
21.8,28.2,14.8,87.0,1006.4
22.0,27.8,25.2,86.0,1008.1
21.7,25.5,0.0,73.0,1012.1
21.9,27.4,0.0,74.0,1013.0
21.9,29.9,0.0,61.0,1017.2
21.9,25.0,0.2,80.0,1013.8
20.7,27.9,1.6,84.0,1004.7
20.6,27.5,1.4,91.0,1001.3
21.8,27.6,0.0,85.0,1002.9
20.5,31.7,0.0,35.0,1002.9
19.0,28.7,0.2,71.0,1000.9
17.7,26.6,0.0,66.0,1003.8
19.9,29.4,0.0,67.0,1002.2
20.4,23.1,4.4,87.0,1011.0
20.4,24.1,4.8,65.0,1016.1
19.4,26.7,5.6,64.0,1016.2
20.3,26.9,0.0,57.0,1016.5
19.4,26.3,0.0,78.0,1017.8
22.3,27.3,0.8,67.0,1019.2
19.7,29.8,0.4,63.0,1013.3
20.2,27.6,0.0,67.0,1014.1
21.4,29.1,0.0,64.0,1015.0
20.9,29.7,0.0,63.0,1012.0
20.7,28.3,0.0,81.0,1005.7
23.5,28.8,0.0,79.0,1008.0
21.9,26.0,0.0,70.0,1007.9
20.5,23.9,0.6,61.0,1008.7
19.6,26.9,0.0,60.0,1008.8
21.7,31.1,0.0,73.0,1010.0
23.7,26.9,0.0,85.0,1017.5
23.6,27.5,0.4,72.0,1024.3
21.3,30.0,0.2,64.0,1022.4
20.6,31.0,0.0,65.0,1018.0
20.3,30.6,0.0,69.0,1013.2
21.3,28.9,0.0,79.0,1009.8
22.4,25.6,0.0,85.0,1014.8
22.0,27.5,0.0,75.0,1018.6
20.2,27.8,0.0,66.0,1017.2
19.8,27.5,0.0,74.0,1020.2
20.4,26.6,7.0,71.0,1020.3
20.5,30.0,0.0,71.0,1019.4
21.2,29.2,0.0,75.0,1019.9
20.6,29.2,0.2,69.0,1020.2
19.6,28.6,0.0,64.0,1019.7
19.7,28.8,0.2,66.0,1021.2
19.9,28.7,0.0,77.0,1018.9
20.3,26.3,0.2,78.0,1022.2
20.5,28.7,0.0,83.0,1018.2
19.9,26.0,0.0,88.0,1018.8
20.2,28.8,0.2,81.0,1017.6
20.7,28.8,0.2,73.0,1018.1
20.6,28.3,0.0,79.0,1017.7
20.5,26.9,0.0,81.0,1013.9
20.5,22.9,34.0,99.0,1018.3
19.2,23.2,17.6,90.0,1017.5
19.1,24.6,41.0,87.0,1013.0
20.4,27.3,0.0,90.0,998.9
15.4,22.7,0.4,61.0,1010.9
16.3,20.6,12.8,88.0,1016.0
16.5,21.4,12.6,73.0,1015.8
15.5,21.9,19.2,71.0,1014.8
16.0,24.6,8.6,61.0,1017.2
18.1,28.7,0.0,60.0,1019.2
19.1,24.7,0.0,73.0,1016.4
17.8,26.2,0.0,71.0,1016.2
19.4,26.6,0.0,78.0,1016.0
20.7,28.8,0.0,73.0,1015.2
21.0,24.5,0.0,88.0,1015.2
19.8,27.1,0.2,65.0,1012.3
17.1,23.3,0.0,68.0,1015.9
17.6,25.8,0.0,70.0,1015.5
17.6,30.0,0.0,64.0,1014.5
20.7,25.4,0.0,70.0,1021.7
21.5,28.3,0.0,70.0,1019.1
19.8,26.7,0.0,75.0,1015.4
19.5,28.6,0.0,82.0,1012.4
20.1,20.4,0.0,73.0,1021.8
17.6,22.3,0.0,87.0,1020.8
17.1,22.7,1.0,79.0,1018.6
17.0,24.6,0.0,62.0,1015.5
16.6,25.0,0.0,58.0,1016.2
17.5,21.4,30.2,70.0,1021.1
17.1,23.8,2.4,70.0,1026.0
18.0,24.2,0.8,78.0,1027.4
17.1,26.3,0.0,70.0,1021.9
16.8,25.4,0.0,63.0,1017.8
19.1,21.8,0.0,86.0,1019.8
17.1,22.6,7.2,80.0,1018.1
16.6,23.6,0.0,78.0,1019.8
17.9,24.6,0.0,77.0,1021.8
18.2,24.7,0.0,81.0,1019.3
17.1,23.9,0.2,85.0,1017.8
16.1,21.5,11.2,63.0,1022.5
17.5,22.4,0.2,61.0,1028.5
14.6,22.0,0.2,68.0,1029.0
16.0,23.6,0.4,66.0,1027.3
16.2,26.5,0.4,70.0,1023.9
16.9,26.5,0.0,76.0,1021.7
16.6,25.9,0.2,85.0,1019.0
18.4,22.4,0.0,90.0,1016.0
18.5,23.5,7.2,83.0,1010.8
15.2,24.9,0.8,79.0,1012.1
16.8,24.4,0.0,50.0,1007.1
15.7,25.1,0.0,59.0,1014.0
15.3,21.8,0.0,71.0,1017.1
14.1,25.3,0.0,53.0,1017.3
15.4,23.3,0.0,76.0,1018.3
17.5,21.3,0.0,86.0,1013.7
19.0,22.4,1.0,97.0,1005.3
17.0,23.8,0.6,42.0,1005.3
12.7,22.9,0.2,25.0,1012.2
12.6,23.3,0.0,46.0,1014.2
13.8,24.0,0.0,61.0,1019.9
13.8,24.8,0.0,68.0,1020.2
13.4,25.6,0.0,55.0,1014.2
16.0,23.1,0.0,69.0,1018.0
16.1,27.1,0.0,69.0,1014.8
14.6,21.4,0.0,59.0,1015.2
11.3,22.8,0.0,36.0,1013.5
13.6,22.0,0.0,57.0,1019.3
14.5,22.1,0.0,80.0,1023.7
14.9,24.9,0.0,80.0,1020.4
15.9,28.1,0.0,47.0,1011.8
10.7,20.6,0.0,54.0,1013.9
9.8,19.4,0.0,46.0,1013.5
13.4,19.8,1.8,55.0,1001.7
11.7,19.2,0.6,32.0,1001.9
10.8,16.5,0.0,59.0,1006.2
9.5,17.9,0.6,40.0,1016.5
7.2,17.4,0.0,52.0,1023.8
9.4,19.4,0.0,83.0,1026.8
12.4,18.8,12.2,73.0,1025.7
12.3,19.1,0.0,75.0,1023.7
12.7,19.9,4.2,77.0,1021.2
15.0,20.4,13.8,96.0,1008.9
16.3,20.0,69.6,100.0,995.5
13.5,19.4,50.8,52.0,998.2
11.9,20.1,0.0,51.0,1003.2
12.7,20.3,0.0,48.0,1010.0
15.2,21.7,0.0,62.0,1007.3
13.9,21.5,0.0,54.0,1017.1
10.5,19.0,0.0,52.0,1021.0
11.0,16.2,0.0,59.0,1034.5
10.3,18.3,1.2,71.0,1035.7
11.6,23.3,0.0,51.0,1031.5
11.1,19.3,0.0,69.0,1029.7
11.8,20.4,0.0,60.0,1019.7
12.5,19.4,0.0,69.0,1015.1
15.4,20.7,4.6,73.0,1015.3
14.8,18.9,0.8,100.0,1009.4
15.4,19.5,37.2,64.0,995.8
13.6,17.9,0.6,50.0,1003.4
13.3,19.5,0.0,46.0,1005.7
9.2,17.6,0.0,59.0,1008.4
12.3,17.5,0.0,38.0,1003.8
6.5,13.3,0.0,43.0,1018.3
6.0,16.1,0.0,55.0,1017.4
9.3,14.5,0.0,64.0,1013.2
8.9,15.7,0.2,53.0,1022.9
7.0,17.8,0.0,50.0,1025.4
7.6,18.4,0.0,49.0,1016.1
9.9,16.5,0.0,44.0,1016.5
7.6,16.2,0.0,51.0,1023.4
7.1,18.6,0.0,52.0,1022.8
6.5,17.9,0.4,56.0,1016.1
10.7,19.7,1.2,60.0,1006.5
9.8,16.6,0.4,55.0,1003.5
12.7,17.7,11.6,93.0,1015.6
12.6,14.8,31.6,100.0,1017.8
11.3,16.9,5.4,73.0,1022.0
11.4,18.6,0.2,82.0,1021.3
13.4,20.7,0.0,71.0,1012.3
14.6,20.1,0.0,35.0,1007.5
10.3,14.9,0.0,31.0,1020.0
5.0,17.1,0.0,37.0,1026.1
5.8,16.6,0.0,51.0,1027.5
9.4,17.5,0.0,76.0,1029.8
11.5,19.7,6.4,87.0,1027.2
12.1,23.5,1.2,60.0,1020.2
15.0,24.6,0.0,66.0,1019.3
17.3,17.7,10.4,100.0,1017.3
14.3,19.2,11.6,92.0,1016.1
12.7,24.1,0.4,63.0,1002.9
14.3,18.0,1.8,38.0,1004.7
6.3,13.6,0.0,53.0,1013.1
8.3,17.7,0.0,40.0,1011.9
10.4,19.5,0.0,41.0,1013.2
11.2,19.7,0.0,39.0,1014.1
8.5,19.0,0.0,45.0,1020.9
7.1,18.8,0.0,53.0,1018.1
8.1,18.9,0.0,70.0,1020.2
10.8,19.6,0.0,62.0,1015.2
13.1,19.8,0.0,57.0,1012.9
12.5,17.5,0.0,74.0,1012.2
12.8,17.6,10.0,73.0,1015.8
13.4,17.4,10.6,59.0,1023.4
10.6,16.1,1.4,79.0,1027.5
10.7,16.1,8.0,92.0,1026.3
11.5,18.2,2.4,67.0,1024.6
9.5,18.4,0.0,60.0,1023.1
10.0,21.7,0.0,57.0,1018.4
14.2,24.9,0.0,44.0,1012.5
11.6,20.0,0.8,37.0,1017.2
7.4,19.2,0.0,52.0,1020.1
8.8,19.5,0.0,43.0,1020.6
10.0,18.5,0.0,63.0,1027.0
12.6,21.8,0.0,61.0,1030.0
11.5,22.6,0.0,69.0,1026.1
12.4,23.9,0.0,46.0,1022.4
13.7,23.7,0.0,56.0,1020.9
11.8,23.2,0.0,43.0,1014.2
11.9,18.8,0.0,32.0,1014.0
7.6,18.7,0.0,51.0,1017.3
8.9,14.5,0.0,65.0,1014.5
8.8,17.7,1.4,68.0,1013.2
12.8,15.3,9.6,100.0,1006.5
9.0,16.1,13.8,56.0,1010.4
7.5,14.6,2.2,87.0,1017.3
8.8,18.6,15.2,58.0,1020.5
8.0,19.4,0.0,47.0,1020.6
11.4,18.4,0.0,59.0,1024.7
13.2,21.1,0.0,77.0,1023.4
15.7,20.3,0.0,69.0,1015.4
13.0,21.1,0.0,62.0,1015.4
15.5,18.0,10.6,100.0,1005.9
15.2,20.4,8.0,47.0,1006.1
10.3,20.0,0.0,56.0,1021.9
9.8,19.3,0.0,65.0,1027.5
11.8,22.7,0.0,71.0,1026.5
12.6,21.3,0.0,74.0,1029.1
16.4,23.9,0.0,80.0,1024.4
15.7,21.6,0.0,83.0,1015.8
14.5,22.0,0.6,39.0,1011.6
12.3,20.9,0.0,57.0,1016.9
11.8,20.1,0.0,68.0,1018.7
14.9,20.5,0.0,88.0,1017.8
16.1,21.6,10.6,81.0,1009.5
14.1,21.1,1.6,34.0,1008.5
13.0,21.4,0.0,62.0,1015.2
12.2,20.6,0.0,65.0,1018.1
14.3,18.4,0.0,99.0,1005.6
13.7,21.9,31.8,42.0,1008.1
10.3,20.7,0.0,57.0,1016.4
14.0,19.1,0.0,78.0,1007.5
13.6,22.3,0.2,52.0,1006.0
15.9,19.1,0.0,72.0,1009.9
13.3,22.1,0.0,73.0,1007.7
13.7,21.4,2.4,79.0,1005.3
12.6,20.1,1.2,56.0,1008.9
11.5,24.3,0.0,27.0,1005.4
10.2,20.8,0.0,50.0,1011.1
14.2,19.5,0.6,85.0,995.6
13.1,20.1,1.6,51.0,999.3
13.0,21.7,0.0,37.0,1006.3
12.5,26.1,0.0,57.0,1008.6
18.0,25.3,0.0,46.0,998.9
12.2,23.2,0.0,31.0,1004.4
12.0,23.8,0.0,20.0,1013.6
12.8,26.1,0.0,53.0,1017.3
15.2,30.0,0.0,48.0,1015.9
18.4,26.2,0.0,78.0,1016.4
14.9,23.7,0.0,55.0,1018.3
16.7,32.6,0.0,33.0,1003.9
10.2,19.9,2.2,44.0,1012.7
9.3,19.8,0.0,45.0,1013.0
12.1,16.7,4.8,91.0,1021.4
9.8,20.9,8.2,50.0,1023.4
10.4,23.6,0.2,54.0,1018.1
14.9,26.7,0.0,58.0,1009.7
19.1,22.2,0.0,87.0,1009.4
11.3,25.2,5.2,43.0,1011.5
15.1,23.1,0.0,44.0,1017.0
16.6,22.2,0.0,60.0,1021.4
15.3,24.3,1.6,85.0,1013.2
17.1,18.1,20.2,96.0,1009.6
10.3,17.0,4.4,54.0,1017.1
10.6,19.4,0.0,54.0,1016.4
12.7,24.0,0.0,63.0,1014.6
15.3,26.5,0.0,60.0,1013.2
17.4,22.9,0.0,72.0,1014.9
15.0,21.1,6.8,74.0,1018.0
16.8,23.8,4.0,84.0,1017.4
18.5,22.9,0.0,90.0,1007.1
17.9,19.6,2.6,44.0,1010.9
13.9,20.9,0.0,48.0,1010.3
13.0,23.2,0.0,42.0,1013.3
15.0,24.7,0.0,65.0,1015.3
15.9,27.4,0.0,64.0,1009.7
17.2,28.5,0.0,17.0,1005.8
15.1,24.1,0.0,48.0,1007.7
13.7,26.5,0.0,65.0,1006.4
18.4,28.8,0.0,86.0,1006.2
18.8,24.1,0.0,80.0,1008.9
16.6,23.8,7.2,75.0,1007.1
18.1,24.3,0.0,73.0,1010.1
18.1,33.3,21.2,40.0,997.6
18.8,31.4,0.2,19.0,994.9
16.5,23.6,0.0,55.0,1004.2
14.7,21.2,4.6,59.0,1015.0
13.9,24.4,0.2,64.0,1020.8
17.5,23.5,0.0,65.0,1022.5
15.9,27.5,0.0,73.0,1014.1
19.6,22.9,0.0,75.0,1017.8
18.4,25.9,0.0,65.0,1018.6
20.0,27.5,0.0,73.0,1015.3
19.6,26.3,0.0,72.0,1012.2
19.0,27.1,0.0,78.0,1004.7
15.1,20.7,1.8,61.0,1012.0
14.6,24.9,0.0,51.0,1012.5
18.9,26.9,0.0,63.0,1014.1
20.1,24.8,0.0,79.0,1016.5
20.4,27.5,0.0,70.0,1010.4
20.1,23.6,0.0,85.0,1009.5
19.2,25.6,0.0,67.0,1010.0
18.3,27.9,0.4,71.0,1005.9
19.3,29.7,0.0,71.0,1007.7
20.6,27.0,0.0,60.0,1014.6
19.7,27.0,0.0,75.0,1013.3
21.5,28.1,0.0,84.0,1005.9
20.5,23.1,13.0,97.0,1010.1
18.0,24.1,24.8,75.0,1014.7
19.4,26.7,0.6,84.0,999.7
18.5,27.3,0.4,35.0,1009.8
17.3,25.4,0.0,58.0,1020.7
19.2,26.6,0.0,68.0,1019.7
20.0,27.3,0.0,70.0,1018.1
19.8,30.8,0.0,75.0,1011.7
21.8,36.9,0.0,23.0,1006.9
18.7,19.1,0.0,100.0,1016.1
17.3,25.4,27.0,100.0,1009.9
18.7,32.2,1.2,64.0,1005.6
18.7,23.7,0.0,70.0,1019.3
16.5,24.6,1.0,53.0,1017.7
16.6,27.2,0.2,76.0,1005.6
19.6,25.5,0.2,72.0,1011.9
20.0,25.8,0.0,62.0,1018.1
20.0,25.9,0.0,66.0,1016.8
18.7,28.0,0.0,70.0,1013.3
18.5,28.2,0.4,71.0,1015.3
19.6,27.3,0.2,72.0,1011.7
19.3,25.1,0.0,82.0,1013.1
19.0,26.2,0.0,70.0,1009.6
19.0,30.4,0.0,67.0,1004.5
20.4,27.1,0.0,73.0,1002.1
21.0,26.2,0.0,83.0,1003.0
21.4,26.3,0.0,88.0,1005.4
20.7,23.9,1.2,83.0,1011.3
19.3,24.4,0.0,74.0,1017.9
20.1,27.1,0.0,57.0,1019.9
20.2,26.0,2.4,76.0,1016.9
20.4,26.0,0.2,70.0,1017.4
20.8,27.9,0.0,66.0,1014.9
20.1,28.3,0.0,71.0,1010.4
20.1,28.9,0.0,65.0,1009.4
21.3,27.5,0.0,76.0,1009.2
22.2,32.7,0.0,63.0,1004.1
21.7,27.6,0.0,70.0,1010.9
21.8,31.7,0.0,79.0,1001.6
23.0,30.3,0.0,77.0,1003.1
22.2,27.2,0.0,73.0,1015.8
20.7,28.5,0.0,68.0,1014.1
19.9,36.6,0.0,75.0,1008.8
23.3,39.9,0.0,82.0,1006.0
20.4,23.8,0.0,79.0,1013.4
20.4,28.7,0.0,99.0,995.5
20.3,25.1,7.6,64.0,1012.1
20.0,27.1,0.2,61.0,1015.8
21.1,28.9,0.2,72.0,1010.7
21.7,39.9,0.0,50.0,1007.3
19.0,22.6,26.0,84.0,1017.9
20.0,24.1,1.4,84.0,1014.5
20.7,25.2,8.8,87.0,1016.8
20.5,29.0,1.4,75.0,1013.0
22.1,27.4,0.2,83.0,1015.1
21.9,29.2,0.2,78.0,1008.8
23.1,39.8,0.0,88.0,1008.1
20.6,23.9,11.2,100.0,1012.2
20.6,24.5,5.6,81.0,1013.6
21.8,24.5,0.2,97.0,1013.5
22.7,29.6,0.0,77.0,1010.2
24.1,31.0,1.2,81.0,1008.0
23.0,27.9,0.0,86.0,1009.0
23.0,25.8,0.0,94.0,1017.9
21.6,25.9,11.6,86.0,1021.3
22.2,29.6,4.8,78.0,1014.0
22.2,29.9,0.2,79.0,1006.8
23.4,30.6,0.0,76.0,1003.0
23.6,29.4,0.0,88.0,996.8
20.0,25.9,1.0,58.0,1007.2
21.7,25.3,0.0,98.0,1014.9
19.1,27.4,26.4,64.0,1014.0
20.0,28.7,0.2,73.0,1009.5
21.7,28.5,0.0,84.0,1006.1
20.1,25.5,6.2,90.0,1005.1
19.4,24.0,2.0,82.0,1006.5
17.3,26.0,0.0,40.0,1010.1
18.0,27.4,0.0,61.0,1018.2
20.4,28.4,0.0,63.0,1018.6
20.0,28.1,0.0,73.0,1017.5
19.6,27.5,0.0,74.0,1018.2
20.4,23.0,0.0,100.0,1018.8
19.4,23.5,17.0,74.0,1020.7
19.1,25.1,7.2,77.0,1021.9
19.4,25.7,29.0,83.0,1020.7
19.9,26.6,31.2,86.0,1018.7
20.0,27.1,4.8,78.0,1015.8
19.8,25.0,28.0,97.0,1015.2
20.6,23.3,27.8,97.0,1011.2
19.8,23.3,3.6,88.0,1009.4
19.8,23.5,4.0,69.0,1011.9
19.5,23.3,0.0,77.0,1016.3
18.3,23.6,10.2,81.0,1016.5
18.4,23.2,0.4,76.0,1015.0
18.7,23.6,0.8,66.0,1013.4
17.3,25.4,0.2,58.0,1012.4
17.1,27.3,0.0,65.0,1007.9
21.5,28.7,0.0,76.0,1011.9
20.2,24.4,10.6,96.0,1019.0
19.8,25.9,32.0,81.0,1018.1
21.5,26.1,12.4,91.0,1008.9
20.9,23.3,9.0,80.0,1018.2
19.9,25.4,18.4,92.0,1021.1
21.2,27.3,6.8,85.0,1017.6
23.1,26.1,0.4,92.0,1015.6
22.7,28.9,0.0,85.0,1012.6
22.7,31.0,4.6,68.0,1010.7
21.2,23.6,2.8,86.0,1016.9
19.0,25.5,3.6,80.0,1018.7
19.6,25.1,0.0,74.0,1014.2
20.0,27.2,0.0,77.0,1014.6
20.0,27.6,0.0,72.0,1012.6
21.3,24.6,0.0,83.0,1012.2
21.7,27.4,0.0,85.0,1007.5
23.1,24.9,0.0,100.0,1006.4
15.4,21.0,72.0,75.0,1014.5
15.6,24.4,3.8,66.0,1016.6
17.9,22.8,0.6,63.0,1023.2
15.0,22.2,7.6,57.0,1025.3
16.3,23.4,6.8,79.0,1025.5
17.0,22.1,6.6,62.0,1022.8
13.9,24.3,0.2,55.0,1023.7
16.9,26.0,0.0,53.0,1025.4
15.7,26.5,0.0,61.0,1021.4
16.3,26.6,0.0,54.0,1008.2
11.2,18.9,9.4,50.0,1008.8
13.3,21.3,0.0,66.0,1016.9
15.8,21.2,38.0,85.0,1021.4
15.9,21.2,10.4,74.0,1020.7
15.7,23.8,0.4,56.0,1019.0
15.7,23.5,0.2,68.0,1018.4
15.9,24.7,0.0,61.0,1017.6
15.9,24.6,0.0,62.0,1021.9
16.6,25.3,0.0,63.0,1025.1
19.2,23.7,0.2,79.0,1027.6
17.0,23.9,1.2,45.0,1027.2
16.6,25.2,0.2,68.0,1024.5
18.7,24.2,0.0,72.0,1022.4
15.6,23.6,0.0,72.0,1020.7
16.4,23.8,0.2,74.0,1018.6
17.8,25.4,0.0,81.0,1008.2
17.0,24.5,3.0,47.0,1002.9
12.9,17.6,2.6,62.0,1014.9
12.3,18.6,1.2,62.0,1020.3
12.1,21.4,0.0,58.0,1018.1
14.0,21.5,1.0,74.0,1020.7
14.5,23.7,0.2,49.0,1015.3
15.3,24.2,0.0,61.0,1015.4
16.0,19.3,2.4,70.0,1026.7
13.9,20.5,7.0,63.0,1029.0
14.4,21.8,0.0,61.0,1027.9
13.3,24.0,0.0,58.0,1021.8
15.5,21.0,0.2,40.0,1023.1
11.1,19.4,0.0,66.0,1024.6
11.6,19.4,0.0,63.0,1023.6
12.2,19.6,0.0,68.0,1021.8
12.2,19.7,0.0,70.0,1022.4
14.2,18.9,9.2,81.0,1023.9
14.4,23.3,0.8,74.0,1021.7
15.6,19.0,0.0,73.0,1019.0
14.0,18.9,1.4,65.0,1013.7
11.6,19.5,2.6,61.0,1016.4
12.2,20.4,0.0,73.0,1021.2
14.3,22.2,0.0,74.0,1024.1
17.4,20.3,1.6,91.0,1020.5
17.3,24.5,14.8,80.0,1015.6
15.0,20.2,0.2,72.0,1019.1
15.6,20.6,0.0,81.0,1021.6
16.6,23.5,0.0,79.0,1017.4
15.0,23.2,1.2,40.0,1012.5
12.0,19.5,0.0,65.0,1018.9
11.3,18.6,0.0,66.0,1019.7
12.7,22.4,0.0,71.0,1017.7
13.3,22.4,0.2,55.0,1010.3
11.1,17.4,0.0,35.0,1018.6
7.3,16.5,0.0,49.0,1020.5
10.0,15.7,0.0,64.0,1025.2
9.9,16.1,1.0,58.0,1030.5
9.9,17.1,0.0,64.0,1030.1
12.3,17.2,3.8,88.0,1027.8
11.9,18.0,2.8,76.0,1024.2
10.6,18.8,0.0,62.0,1021.6
8.7,16.8,0.0,53.0,1017.3
10.0,17.2,40.8,95.0,1018.1
11.9,19.0,27.2,80.0,1022.0
13.2,19.4,3.4,88.0,1025.4
13.7,19.2,26.6,75.0,1029.3
13.0,17.1,14.0,91.0,1025.7
12.8,20.3,0.0,76.0,1023.4
12.9,18.9,0.0,77.0,1028.0
13.3,17.4,5.0,95.0,1028.1
12.9,21.5,2.0,79.0,1024.6
13.1,17.6,0.2,78.0,1023.1
14.4,19.3,0.0,83.0,1021.3
13.4,18.2,0.4,97.0,1024.1
14.1,18.2,27.2,89.0,1027.7
14.4,17.7,3.2,83.0,1025.1
10.7,18.2,1.6,74.0,1024.6
11.7,17.7,0.0,70.0,1024.3
10.5,18.8,0.4,73.0,1015.2
11.0,18.8,0.0,48.0,1015.5
10.4,19.1,0.0,45.0,1015.4
